supplier_id,seller,inn,entity_type,director_name,director_role,founders,ogrn,founding_date,address,phones,email,source_url
114996,23 ВЕК ООО,5904385650,legal_entity_ru,Сараев Виталий Леонидович,Директор,[],1205900027112,05.11.2020,"край Пермский, г. Пермь, ул. Серпуховская, д. 7, кв. 20",[],,https://companies.rbc.ru/id/1205900027112-obschestvo-s-ogranichennoj-otvetstvennostyu-23-vek/
250103263,80040,,unknown,Шитов Дмитрий Александрович,Генеральный Директор,"[{""name"": ""Общество с ограниченной ответственностью Группа Компаний «Сладкая Жизнь»"", ""inn"": ""5260487561""}]",1055233034845,07.02.2005,"обл. Нижегородская, г. Нижний Новгород, ул. Героя Попова, д. 43в, офис 4",[],,https://companies.rbc.ru/id/1055233034845-gk-sladkaya-zhizn/
1416811,AVTO-RITET,,unknown,Шитов Дмитрий Александрович,Генеральный Директор,"[{""name"": ""Общество с ограниченной ответственностью Группа Компаний «Сладкая Жизнь»"", ""inn"": ""5260487561""}]",1055233034845,07.02.2005,"обл. Нижегородская, г. Нижний Новгород, ул. Героя Попова, д. 43в, офис 4",[],,https://companies.rbc.ru/id/1055233034845-gk-sladkaya-zhizn/
1070263,Aiziya_shop,,unknown,Шитов Дмитрий Александрович,Генеральный Директор,"[{""name"": ""Общество с ограниченной ответственностью Группа Компаний «Сладкая Жизнь»"", ""inn"": ""5260487561""}]",1055233034845,07.02.2005,"обл. Нижегородская, г. Нижний Новгород, ул. Героя Попова, д. 43в, офис 4",[],,https://companies.rbc.ru/id/1055233034845-gk-sladkaya-zhizn/
3926442,Auto-Graff,,unknown,Шитов Дмитрий Александрович,Генеральный Директор,"[{""name"": ""Общество с ограниченной ответственностью Группа Компаний «Сладкая Жизнь»"", ""inn"": ""5260487561""}]",1055233034845,07.02.2005,"обл. Нижегородская, г. Нижний Новгород, ул. Героя Попова, д. 43в, офис 4",[],,https://companies.rbc.ru/id/1055233034845-gk-sladkaya-zhizn/
250088048,Cosmo Digital,,unknown,Шитов Дмитрий Александрович,Генеральный Директор,"[{""name"": ""Общество с ограниченной ответственностью Группа Компаний «Сладкая Жизнь»"", ""inn"": ""5260487561""}]",1055233034845,07.02.2005,"обл. Нижегородская, г. Нижний Новгород, ул. Героя Попова, д. 43в, офис 4",[],,https://companies.rbc.ru/id/1055233034845-gk-sladkaya-zhizn/
1156670,E-market,6731070727,legal_entity_ru,Максимов Евгений Анатольевич,Директор,[],1086731010387,25.07.2008,"обл. Смоленская, г. Смоленск, ул. Крупской, д. 52/2",[],,https://companies.rbc.ru/id/1086731010387-ooo-elektrokomplekt/
250090023,"FlashFish Technology Co.,Ltd.",,unknown,Шитов Дмитрий Александрович,Генеральный Директор,"[{""name"": ""Общество с ограниченной ответственностью Группа Компаний «Сладкая Жизнь»"", ""inn"": ""5260487561""}]",1055233034845,07.02.2005,"обл. Нижегородская, г. Нижний Новгород, ул. Героя Попова, д. 43в, офис 4",[],,https://companies.rbc.ru/id/1055233034845-gk-sladkaya-zhizn/
4118237,FlatRent,,unknown,Шитов Дмитрий Александрович,Генеральный Директор,"[{""name"": ""Общество с ограниченной ответственностью Группа Компаний «Сладкая Жизнь»"", ""inn"": ""5260487561""}]",1055233034845,07.02.2005,"обл. Нижегородская, г. Нижний Новгород, ул. Героя Попова, д. 43в, офис 4",[],,https://companies.rbc.ru/id/1055233034845-gk-sladkaya-zhizn/
250136329,Forfish,,unknown,Шитов Дмитрий Александрович,Генеральный Директор,"[{""name"": ""Общество с ограниченной ответственностью Группа Компаний «Сладкая Жизнь»"", ""inn"": ""5260487561""}]",1055233034845,07.02.2005,"обл. Нижегородская, г. Нижний Новгород, ул. Героя Попова, д. 43в, офис 4",[],,https://companies.rbc.ru/id/1055233034845-gk-sladkaya-zhizn/
250056516,Ghavtshyan L.G,,unknown,Шитов Дмитрий Александрович,Генеральный Директор,"[{""name"": ""Общество с ограниченной ответственностью Группа Компаний «Сладкая Жизнь»"", ""inn"": ""5260487561""}]",1055233034845,07.02.2005,"обл. Нижегородская, г. Нижний Новгород, ул. Героя Попова, д. 43в, офис 4",[],,https://companies.rbc.ru/id/1055233034845-gk-sladkaya-zhizn/
4070908,Hakobyan Khachatur,,unknown,Шитов Дмитрий Александрович,Генеральный Директор,"[{""name"": ""Общество с ограниченной ответственностью Группа Компаний «Сладкая Жизнь»"", ""inn"": ""5260487561""}]",1055233034845,07.02.2005,"обл. Нижегородская, г. Нижний Новгород, ул. Героя Попова, д. 43в, офис 4",[],,https://companies.rbc.ru/id/1055233034845-gk-sladkaya-zhizn/
250129898,IE Gor T.S,,unknown,Шитов Дмитрий Александрович,Генеральный Директор,"[{""name"": ""Общество с ограниченной ответственностью Группа Компаний «Сладкая Жизнь»"", ""inn"": ""5260487561""}]",1055233034845,07.02.2005,"обл. Нижегородская, г. Нижний Новгород, ул. Героя Попова, д. 43в, офис 4",[],,https://companies.rbc.ru/id/1055233034845-gk-sladkaya-zhizn/
250046622,"IP ""Araqelyan M. H.""",,unknown,Шитов Дмитрий Александрович,Генеральный Директор,"[{""name"": ""Общество с ограниченной ответственностью Группа Компаний «Сладкая Жизнь»"", ""inn"": ""5260487561""}]",1055233034845,07.02.2005,"обл. Нижегородская, г. Нижний Новгород, ул. Героя Попова, д. 43в, офис 4",[],,https://companies.rbc.ru/id/1055233034845-gk-sladkaya-zhizn/
250010992,IP VARDANUSH MATAXJANYAN TOROSI,,unknown,Шитов Дмитрий Александрович,Генеральный Директор,"[{""name"": ""Общество с ограниченной ответственностью Группа Компаний «Сладкая Жизнь»"", ""inn"": ""5260487561""}]",1055233034845,07.02.2005,"обл. Нижегородская, г. Нижний Новгород, ул. Героя Попова, д. 43в, офис 4",[],,https://companies.rbc.ru/id/1055233034845-gk-sladkaya-zhizn/
4438076,LEYLI AVETISYAN IE,,unknown,Шитов Дмитрий Александрович,Генеральный Директор,"[{""name"": ""Общество с ограниченной ответственностью Группа Компаний «Сладкая Жизнь»"", ""inn"": ""5260487561""}]",1055233034845,07.02.2005,"обл. Нижегородская, г. Нижний Новгород, ул. Героя Попова, д. 43в, офис 4",[],,https://companies.rbc.ru/id/1055233034845-gk-sladkaya-zhizn/
250056643,LS PROJECTS LLC,,unknown,Шитов Дмитрий Александрович,Генеральный Директор,"[{""name"": ""Общество с ограниченной ответственностью Группа Компаний «Сладкая Жизнь»"", ""inn"": ""5260487561""}]",1055233034845,07.02.2005,"обл. Нижегородская, г. Нижний Новгород, ул. Героя Попова, д. 43в, офис 4",[],,https://companies.rbc.ru/id/1055233034845-gk-sladkaya-zhizn/
1401618,LUX AUTO,,unknown,Шитов Дмитрий Александрович,Генеральный Директор,"[{""name"": ""Общество с ограниченной ответственностью Группа Компаний «Сладкая Жизнь»"", ""inn"": ""5260487561""}]",1055233034845,07.02.2005,"обл. Нижегородская, г. Нижний Новгород, ул. Героя Попова, д. 43в, офис 4",[],,https://companies.rbc.ru/id/1055233034845-gk-sladkaya-zhizn/
798475,MD Shop,,unknown,Шитов Дмитрий Александрович,Генеральный Директор,"[{""name"": ""Общество с ограниченной ответственностью Группа Компаний «Сладкая Жизнь»"", ""inn"": ""5260487561""}]",1055233034845,07.02.2005,"обл. Нижегородская, г. Нижний Новгород, ул. Героя Попова, д. 43в, офис 4",[],,https://companies.rbc.ru/id/1055233034845-gk-sladkaya-zhizn/
250122981,NAIRI GEVORGYAN IE,,unknown,Шитов Дмитрий Александрович,Генеральный Директор,"[{""name"": ""Общество с ограниченной ответственностью Группа Компаний «Сладкая Жизнь»"", ""inn"": ""5260487561""}]",1055233034845,07.02.2005,"обл. Нижегородская, г. Нижний Новгород, ул. Героя Попова, д. 43в, офис 4",[],,https://companies.rbc.ru/id/1055233034845-gk-sladkaya-zhizn/
394619,"OOO ""Вольтра""",,unknown,Шитов Дмитрий Александрович,Генеральный Директор,"[{""name"": ""Общество с ограниченной ответственностью Группа Компаний «Сладкая Жизнь»"", ""inn"": ""5260487561""}]",1055233034845,07.02.2005,"обл. Нижегородская, г. Нижний Новгород, ул. Героя Попова, д. 43в, офис 4",[],,https://companies.rbc.ru/id/1055233034845-gk-sladkaya-zhizn/
4311970,OOO AL GROUP,,unknown,Шитов Дмитрий Александрович,Генеральный Директор,"[{""name"": ""Общество с ограниченной ответственностью Группа Компаний «Сладкая Жизнь»"", ""inn"": ""5260487561""}]",1055233034845,07.02.2005,"обл. Нижегородская, г. Нижний Новгород, ул. Героя Попова, д. 43в, офис 4",[],,https://companies.rbc.ru/id/1055233034845-gk-sladkaya-zhizn/
1023892,Pigo,,unknown,Шитов Дмитрий Александрович,Генеральный Директор,"[{""name"": ""Общество с ограниченной ответственностью Группа Компаний «Сладкая Жизнь»"", ""inn"": ""5260487561""}]",1055233034845,07.02.2005,"обл. Нижегородская, г. Нижний Новгород, ул. Героя Попова, д. 43в, офис 4",[],,https://companies.rbc.ru/id/1055233034845-gk-sladkaya-zhizn/
4281390,SAKTI,,unknown,Шитов Дмитрий Александрович,Генеральный Директор,"[{""name"": ""Общество с ограниченной ответственностью Группа Компаний «Сладкая Жизнь»"", ""inn"": ""5260487561""}]",1055233034845,07.02.2005,"обл. Нижегородская, г. Нижний Новгород, ул. Героя Попова, д. 43в, офис 4",[],,https://companies.rbc.ru/id/1055233034845-gk-sladkaya-zhizn/
250045593,"SP ""Goharik Grigoryan""",,unknown,Шитов Дмитрий Александрович,Генеральный Директор,"[{""name"": ""Общество с ограниченной ответственностью Группа Компаний «Сладкая Жизнь»"", ""inn"": ""5260487561""}]",1055233034845,07.02.2005,"обл. Нижегородская, г. Нижний Новгород, ул. Героя Попова, д. 43в, офис 4",[],,https://companies.rbc.ru/id/1055233034845-gk-sladkaya-zhizn/
250082062,"SP ""Hasmik Hovhannisyan""",,unknown,Шитов Дмитрий Александрович,Генеральный Директор,"[{""name"": ""Общество с ограниченной ответственностью Группа Компаний «Сладкая Жизнь»"", ""inn"": ""5260487561""}]",1055233034845,07.02.2005,"обл. Нижегородская, г. Нижний Новгород, ул. Героя Попова, д. 43в, офис 4",[],,https://companies.rbc.ru/id/1055233034845-gk-sladkaya-zhizn/
969790,Sabilerge.kz,,unknown,Шитов Дмитрий Александрович,Генеральный Директор,"[{""name"": ""Общество с ограниченной ответственностью Группа Компаний «Сладкая Жизнь»"", ""inn"": ""5260487561""}]",1055233034845,07.02.2005,"обл. Нижегородская, г. Нижний Новгород, ул. Героя Попова, д. 43в, офис 4",[],,https://companies.rbc.ru/id/1055233034845-gk-sladkaya-zhizn/
4533009,Sarvi,,unknown,Шитов Дмитрий Александрович,Генеральный Директор,"[{""name"": ""Общество с ограниченной ответственностью Группа Компаний «Сладкая Жизнь»"", ""inn"": ""5260487561""}]",1055233034845,07.02.2005,"обл. Нижегородская, г. Нижний Новгород, ул. Героя Попова, д. 43в, офис 4",[],,https://companies.rbc.ru/id/1055233034845-gk-sladkaya-zhizn/
3916446,Sia Pharm,,unknown,Шитов Дмитрий Александрович,Генеральный Директор,"[{""name"": ""Общество с ограниченной ответственностью Группа Компаний «Сладкая Жизнь»"", ""inn"": ""5260487561""}]",1055233034845,07.02.2005,"обл. Нижегородская, г. Нижний Новгород, ул. Героя Попова, д. 43в, офис 4",[],,https://companies.rbc.ru/id/1055233034845-gk-sladkaya-zhizn/
4252619,Tech Market,,unknown,Шитов Дмитрий Александрович,Генеральный Директор,"[{""name"": ""Общество с ограниченной ответственностью Группа Компаний «Сладкая Жизнь»"", ""inn"": ""5260487561""}]",1055233034845,07.02.2005,"обл. Нижегородская, г. Нижний Новгород, ул. Героя Попова, д. 43в, офис 4",[],,https://companies.rbc.ru/id/1055233034845-gk-sladkaya-zhizn/
3960898,Tsarmarket,,unknown,Шитов Дмитрий Александрович,Генеральный Директор,"[{""name"": ""Общество с ограниченной ответственностью Группа Компаний «Сладкая Жизнь»"", ""inn"": ""5260487561""}]",1055233034845,07.02.2005,"обл. Нижегородская, г. Нижний Новгород, ул. Героя Попова, д. 43в, офис 4",[],,https://companies.rbc.ru/id/1055233034845-gk-sladkaya-zhizn/
250045369,VAHE AVETISYAN IE,,unknown,Шитов Дмитрий Александрович,Генеральный Директор,"[{""name"": ""Общество с ограниченной ответственностью Группа Компаний «Сладкая Жизнь»"", ""inn"": ""5260487561""}]",1055233034845,07.02.2005,"обл. Нижегородская, г. Нижний Новгород, ул. Героя Попова, д. 43в, офис 4",[],,https://companies.rbc.ru/id/1055233034845-gk-sladkaya-zhizn/
773516,VERNЫЙ,,unknown,Шитов Дмитрий Александрович,Генеральный Директор,"[{""name"": ""Общество с ограниченной ответственностью Группа Компаний «Сладкая Жизнь»"", ""inn"": ""5260487561""}]",1055233034845,07.02.2005,"обл. Нижегородская, г. Нижний Новгород, ул. Героя Попова, д. 43в, офис 4",[],,https://companies.rbc.ru/id/1055233034845-gk-sladkaya-zhizn/
250082650,Yutoqi Automobile Play Shell Co. Ltd,,unknown,Шитов Дмитрий Александрович,Генеральный Директор,"[{""name"": ""Общество с ограниченной ответственностью Группа Компаний «Сладкая Жизнь»"", ""inn"": ""5260487561""}]",1055233034845,07.02.2005,"обл. Нижегородская, г. Нижний Новгород, ул. Героя Попова, д. 43в, офис 4",[],,https://companies.rbc.ru/id/1055233034845-gk-sladkaya-zhizn/
18829,АВАНГАРД ООО,7826741774,legal_entity_ru,Рябошапка Олег Васильевич,Генеральный Директор,[],1027802492046,07.03.2001,"обл. Ленинградская, г. Тосно, наб. Пушкинская, д. 1",[],,https://companies.rbc.ru/id/1027802492046-ooo-avangard/
16673,АЗИЯ ЛАЙФ ООО,3811029172,legal_entity_ru,Литвиченко Денис Олегович,Генеральный Директор,[],1153850007662,25.02.2015,"г. Москва, вн.тер.г. муниципальный округ Царицыно, б-р Кавказский, д. 57, стр. 2, помещ. 319",[],,https://companies.rbc.ru/id/1153850007662-ooo-obschestvo-s-ogranichennoj-otvetstvennostyu-aziya-lajf/
250017518,"АО ""БАРС""",7801027141,legal_entity_ru,Возницкий Михаил Владимирович,Генеральный Директор,[],1037800039243,28.06.2002,"г. Санкт-Петербург, вн.тер.г. муниципальный округ № 7, лн. Биржевая, д. 12",[],,https://companies.rbc.ru/id/1037800039243-ao-bars/
4347417,"АО ""НОВОТЕХ""",5034070414,legal_entity_ru,Бойко Евгений Сергеевич,Генеральный Директор,[],1245000141132,13.12.2024,"обл. Московская, г.о. Орехово-Зуевский, г. Орехово-Зуево, ул. Володарского, д. 106, ком. 25",[],,https://companies.rbc.ru/id/1245000141132-ao-novoteh/
250013327,"АО ""НОВОТЕХ""",5034070414,legal_entity_ru,Бойко Евгений Сергеевич,Генеральный Директор,[],1245000141132,13.12.2024,"обл. Московская, г.о. Орехово-Зуевский, г. Орехово-Зуево, ул. Володарского, д. 106, ком. 25",[],,https://companies.rbc.ru/id/1245000141132-ao-novoteh/
250125970,"АО ""НПО ЗАЩИТА""",5032392688,legal_entity_ru,Учитель Дмитрий Владиславович,Генеральный Директор,[],1255000077034,21.08.2025,"обл. Московская, г.о. Одинцовский, г. Одинцово, ул. Маршала Неделина, д. 6а, помещ. 24",[],,https://companies.rbc.ru/id/1255000077034-ao-npo-zaschita/
17766,АРТЕКС ООО,9705068942,legal_entity_ru,Шерстнев Алексей Викторович,Генеральный Директор,[],1167746558253,10.06.2016,"г. Москва, вн.тер.г. муниципальный округ Замоскворечье, ул. Щипок, д. 18, ком. 18",[],,https://companies.rbc.ru/id/1167746558253-obschestvo-s-ogranichennoj-otvetstvennostyu-arteks/
1168447,Априла-про,,unknown,Шитов Дмитрий Александрович,Генеральный Директор,"[{""name"": ""Общество с ограниченной ответственностью Группа Компаний «Сладкая Жизнь»"", ""inn"": ""5260487561""}]",1055233034845,07.02.2005,"обл. Нижегородская, г. Нижний Новгород, ул. Героя Попова, д. 43в, офис 4",[],,https://companies.rbc.ru/id/1055233034845-gk-sladkaya-zhizn/
41855,БВР ООО,3702223130,legal_entity_ru,Родинов Алексей Евгеньевич,Генеральный Директор,[],1193702015033,26.07.2019,"обл. Ивановская, г. Иваново, ул. Революционная, д. 14а, 1001, помещение 9-33",[],,https://companies.rbc.ru/id/1193702015033-obschestvo-s-ogranichennoj-otvetstvennostyu-bvr/
40330,БЕРКАНА ООО,7811569231,legal_entity_ru,Губенко Игорь Вадимович,Директор,"[{""name"": ""Акционерное общество «Группа Компаний Зож»"", ""inn"": ""5001154676""}]",1137847507490,30.12.2013,"обл. Ленинградская, г. Всеволожск, пр-кт Всеволожский, д. 17, офис 516",[],,https://companies.rbc.ru/id/1137847507490-ooo-berkana/
96244,БЕРКУТ ООО,9717043981,legal_entity_ru,Богданов Андрей Геннадьевич,Генеральный Директор,[],5167746150523,05.10.2016,"г. Москва, вн.тер.г. Муниципальный округ Алексеевский, пр-кт Мира, д. 102, к. 1, помещ. 6/8",[],,https://companies.rbc.ru/id/5167746150523-ooo-berkut/
72576,ГК ГАМЕТА-АГРО ООО,5074035374,legal_entity_ru,Миллер Наталья Юрьевна,Генеральный Директор,[],1065074071105,08.12.2006,"обл. Московская, г.о. Подольск, п. Быково, д. 49",[],,https://companies.rbc.ru/id/1065074071105-ooo-gruppa-kompanij-gameta-agro/
40862,ГалаОпт ООО,7017249729,legal_entity_ru,Кудряшов Игорь Сергеевич,Директор,[],1097017018790,12.11.2009,"обл. Томская, г. Томск, пр-кт Кирова, д. 35, кв. 51",[],,https://companies.rbc.ru/id/1097017018790-ooo-galaopt/
1341176,Джем Прайм,,unknown,Шитов Дмитрий Александрович,Генеральный Директор,"[{""name"": ""Общество с ограниченной ответственностью Группа Компаний «Сладкая Жизнь»"", ""inn"": ""5260487561""}]",1055233034845,07.02.2005,"обл. Нижегородская, г. Нижний Новгород, ул. Героя Попова, д. 43в, офис 4",[],,https://companies.rbc.ru/id/1055233034845-gk-sladkaya-zhizn/
41781,ЕВРАЗИЯ ООО,7709474349,legal_entity_ru,Михайлюк Вадим Викторович,Генеральный Директор,"[{""name"": ""Общество с ограниченной ответственностью «Технологии Ритейла»"", ""inn"": ""2543058039""}]",1157746960194,20.10.2015,"край Приморский, г. Владивосток, ул. Енисейская, д. 23д, помещение 2, офис 501",[],,https://companies.rbc.ru/id/1157746960194-ooo-obschestvo-s-ogranichennoj-otvetstvennostyu-evraziya/
36319,"ЗАО ТК ""ЯРШИНТОРГ""",7604069216,legal_entity_ru,Малышев Игорь Иванович,Генеральный Директор,[],1047600418777,21.09.2004,"обл. Ярославская, г. Ярославль, ул. Базовая, д. 3, к. 2",[],,https://companies.rbc.ru/id/1047600418777-zao-torgovaya-kompaniya-yarshintorg/
250088034,ИП,,sole_proprietor_ru,Шитов Дмитрий Александрович,Генеральный Директор,"[{""name"": ""Общество с ограниченной ответственностью Группа Компаний «Сладкая Жизнь»"", ""inn"": ""5260487561""}]",1055233034845,07.02.2005,"обл. Нижегородская, г. Нижний Новгород, ул. Героя Попова, д. 43в, офис 4",[],,https://companies.rbc.ru/id/1055233034845-gk-sladkaya-zhizn/
1154976,"ИП ""ABC""",,sole_proprietor_ru,Шитов Дмитрий Александрович,Генеральный Директор,"[{""name"": ""Общество с ограниченной ответственностью Группа Компаний «Сладкая Жизнь»"", ""inn"": ""5260487561""}]",1055233034845,07.02.2005,"обл. Нижегородская, г. Нижний Новгород, ул. Героя Попова, д. 43в, офис 4",[],,https://companies.rbc.ru/id/1055233034845-gk-sladkaya-zhizn/
855671,"ИП ""Seiitkazy""",,sole_proprietor_ru,Шитов Дмитрий Александрович,Генеральный Директор,"[{""name"": ""Общество с ограниченной ответственностью Группа Компаний «Сладкая Жизнь»"", ""inn"": ""5260487561""}]",1055233034845,07.02.2005,"обл. Нижегородская, г. Нижний Новгород, ул. Героя Попова, д. 43в, офис 4",[],,https://companies.rbc.ru/id/1055233034845-gk-sladkaya-zhizn/
890446,"ИП ""Молодость""",,sole_proprietor_ru,Шитов Дмитрий Александрович,Генеральный Директор,"[{""name"": ""Общество с ограниченной ответственностью Группа Компаний «Сладкая Жизнь»"", ""inn"": ""5260487561""}]",1055233034845,07.02.2005,"обл. Нижегородская, г. Нижний Новгород, ул. Героя Попова, д. 43в, офис 4",[],,https://companies.rbc.ru/id/1055233034845-gk-sladkaya-zhizn/
956856,"ИП ""Унаева""",,sole_proprietor_ru,Шитов Дмитрий Александрович,Генеральный Директор,"[{""name"": ""Общество с ограниченной ответственностью Группа Компаний «Сладкая Жизнь»"", ""inn"": ""5260487561""}]",1055233034845,07.02.2005,"обл. Нижегородская, г. Нижний Новгород, ул. Героя Попова, д. 43в, офис 4",[],,https://companies.rbc.ru/id/1055233034845-gk-sladkaya-zhizn/
3917651,ИП ASalim,,sole_proprietor_ru,Шитов Дмитрий Александрович,Генеральный Директор,"[{""name"": ""Общество с ограниченной ответственностью Группа Компаний «Сладкая Жизнь»"", ""inn"": ""5260487561""}]",1055233034845,07.02.2005,"обл. Нижегородская, г. Нижний Новгород, ул. Героя Попова, д. 43в, офис 4",[],,https://companies.rbc.ru/id/1055233034845-gk-sladkaya-zhizn/
4297940,ИП Auto parts,,sole_proprietor_ru,Шитов Дмитрий Александрович,Генеральный Директор,"[{""name"": ""Общество с ограниченной ответственностью Группа Компаний «Сладкая Жизнь»"", ""inn"": ""5260487561""}]",1055233034845,07.02.2005,"обл. Нижегородская, г. Нижний Новгород, ул. Героя Попова, д. 43в, офис 4",[],,https://companies.rbc.ru/id/1055233034845-gk-sladkaya-zhizn/
600304,ИП CHEENAMA,,sole_proprietor_ru,Шитов Дмитрий Александрович,Генеральный Директор,"[{""name"": ""Общество с ограниченной ответственностью Группа Компаний «Сладкая Жизнь»"", ""inn"": ""5260487561""}]",1055233034845,07.02.2005,"обл. Нижегородская, г. Нижний Новгород, ул. Героя Попова, д. 43в, офис 4",[],,https://companies.rbc.ru/id/1055233034845-gk-sladkaya-zhizn/
166754,ИП KSC,,sole_proprietor_ru,Шитов Дмитрий Александрович,Генеральный Директор,"[{""name"": ""Общество с ограниченной ответственностью Группа Компаний «Сладкая Жизнь»"", ""inn"": ""5260487561""}]",1055233034845,07.02.2005,"обл. Нижегородская, г. Нижний Новгород, ул. Героя Попова, д. 43в, офис 4",[],,https://companies.rbc.ru/id/1055233034845-gk-sladkaya-zhizn/
1297873,ИП MANSUR,,sole_proprietor_ru,Шитов Дмитрий Александрович,Генеральный Директор,"[{""name"": ""Общество с ограниченной ответственностью Группа Компаний «Сладкая Жизнь»"", ""inn"": ""5260487561""}]",1055233034845,07.02.2005,"обл. Нижегородская, г. Нижний Новгород, ул. Героя Попова, д. 43в, офис 4",[],,https://companies.rbc.ru/id/1055233034845-gk-sladkaya-zhizn/
4412501,ИП TREF,,sole_proprietor_ru,Шитов Дмитрий Александрович,Генеральный Директор,"[{""name"": ""Общество с ограниченной ответственностью Группа Компаний «Сладкая Жизнь»"", ""inn"": ""5260487561""}]",1055233034845,07.02.2005,"обл. Нижегородская, г. Нижний Новгород, ул. Героя Попова, д. 43в, офис 4",[],,https://companies.rbc.ru/id/1055233034845-gk-sladkaya-zhizn/
952336,ИП ZAPATA_TOYS,,sole_proprietor_ru,Шитов Дмитрий Александрович,Генеральный Директор,"[{""name"": ""Общество с ограниченной ответственностью Группа Компаний «Сладкая Жизнь»"", ""inn"": ""5260487561""}]",1055233034845,07.02.2005,"обл. Нижегородская, г. Нижний Новгород, ул. Героя Попова, д. 43в, офис 4",[],,https://companies.rbc.ru/id/1055233034845-gk-sladkaya-zhizn/
250075427,ИП АМЗЕЕВ,,sole_proprietor_ru,Шитов Дмитрий Александрович,Генеральный Директор,"[{""name"": ""Общество с ограниченной ответственностью Группа Компаний «Сладкая Жизнь»"", ""inn"": ""5260487561""}]",1055233034845,07.02.2005,"обл. Нижегородская, г. Нижний Новгород, ул. Героя Попова, д. 43в, офис 4",[],,https://companies.rbc.ru/id/1055233034845-gk-sladkaya-zhizn/
4451576,ИП АРМАН,,sole_proprietor_ru,Шитов Дмитрий Александрович,Генеральный Директор,"[{""name"": ""Общество с ограниченной ответственностью Группа Компаний «Сладкая Жизнь»"", ""inn"": ""5260487561""}]",1055233034845,07.02.2005,"обл. Нижегородская, г. Нижний Новгород, ул. Героя Попова, д. 43в, офис 4",[],,https://companies.rbc.ru/id/1055233034845-gk-sladkaya-zhizn/
965190,ИП Абдрахман,,sole_proprietor_ru,Шитов Дмитрий Александрович,Генеральный Директор,"[{""name"": ""Общество с ограниченной ответственностью Группа Компаний «Сладкая Жизнь»"", ""inn"": ""5260487561""}]",1055233034845,07.02.2005,"обл. Нижегородская, г. Нижний Новгород, ул. Героя Попова, д. 43в, офис 4",[],,https://companies.rbc.ru/id/1055233034845-gk-sladkaya-zhizn/
911183,ИП Абдукаримова,,sole_proprietor_ru,Шитов Дмитрий Александрович,Генеральный Директор,"[{""name"": ""Общество с ограниченной ответственностью Группа Компаний «Сладкая Жизнь»"", ""inn"": ""5260487561""}]",1055233034845,07.02.2005,"обл. Нижегородская, г. Нижний Новгород, ул. Героя Попова, д. 43в, офис 4",[],,https://companies.rbc.ru/id/1055233034845-gk-sladkaya-zhizn/
250024399,ИП Айсулу,,sole_proprietor_ru,Шитов Дмитрий Александрович,Генеральный Директор,"[{""name"": ""Общество с ограниченной ответственностью Группа Компаний «Сладкая Жизнь»"", ""inn"": ""5260487561""}]",1055233034845,07.02.2005,"обл. Нижегородская, г. Нижний Новгород, ул. Героя Попова, д. 43в, офис 4",[],,https://companies.rbc.ru/id/1055233034845-gk-sladkaya-zhizn/
186493,ИП Акпантаева А.Т.,,sole_proprietor_ru,Шитов Дмитрий Александрович,Генеральный Директор,"[{""name"": ""Общество с ограниченной ответственностью Группа Компаний «Сладкая Жизнь»"", ""inn"": ""5260487561""}]",1055233034845,07.02.2005,"обл. Нижегородская, г. Нижний Новгород, ул. Героя Попова, д. 43в, офис 4",[],,https://companies.rbc.ru/id/1055233034845-gk-sladkaya-zhizn/
3957864,ИП Али,,sole_proprietor_ru,Шитов Дмитрий Александрович,Генеральный Директор,"[{""name"": ""Общество с ограниченной ответственностью Группа Компаний «Сладкая Жизнь»"", ""inn"": ""5260487561""}]",1055233034845,07.02.2005,"обл. Нижегородская, г. Нижний Новгород, ул. Героя Попова, д. 43в, офис 4",[],,https://companies.rbc.ru/id/1055233034845-gk-sladkaya-zhizn/
250028312,ИП Альмира,,sole_proprietor_ru,Шитов Дмитрий Александрович,Генеральный Директор,"[{""name"": ""Общество с ограниченной ответственностью Группа Компаний «Сладкая Жизнь»"", ""inn"": ""5260487561""}]",1055233034845,07.02.2005,"обл. Нижегородская, г. Нижний Новгород, ул. Героя Попова, д. 43в, офис 4",[],,https://companies.rbc.ru/id/1055233034845-gk-sladkaya-zhizn/
4020708,ИП Андрон В. Н.,,sole_proprietor_ru,Шитов Дмитрий Александрович,Генеральный Директор,"[{""name"": ""Общество с ограниченной ответственностью Группа Компаний «Сладкая Жизнь»"", ""inn"": ""5260487561""}]",1055233034845,07.02.2005,"обл. Нижегородская, г. Нижний Новгород, ул. Героя Попова, д. 43в, офис 4",[],,https://companies.rbc.ru/id/1055233034845-gk-sladkaya-zhizn/
250100665,ИП Асем,,sole_proprietor_ru,Шитов Дмитрий Александрович,Генеральный Директор,"[{""name"": ""Общество с ограниченной ответственностью Группа Компаний «Сладкая Жизнь»"", ""inn"": ""5260487561""}]",1055233034845,07.02.2005,"обл. Нижегородская, г. Нижний Новгород, ул. Героя Попова, д. 43в, офис 4",[],,https://companies.rbc.ru/id/1055233034845-gk-sladkaya-zhizn/
250111271,ИП Губар Л.П,,sole_proprietor_ru,Шитов Дмитрий Александрович,Генеральный Директор,"[{""name"": ""Общество с ограниченной ответственностью Группа Компаний «Сладкая Жизнь»"", ""inn"": ""5260487561""}]",1055233034845,07.02.2005,"обл. Нижегородская, г. Нижний Новгород, ул. Героя Попова, д. 43в, офис 4",[],,https://companies.rbc.ru/id/1055233034845-gk-sladkaya-zhizn/
250036526,ИП ДО,,sole_proprietor_ru,Шитов Дмитрий Александрович,Генеральный Директор,"[{""name"": ""Общество с ограниченной ответственностью Группа Компаний «Сладкая Жизнь»"", ""inn"": ""5260487561""}]",1055233034845,07.02.2005,"обл. Нижегородская, г. Нижний Новгород, ул. Героя Попова, д. 43в, офис 4",[],,https://companies.rbc.ru/id/1055233034845-gk-sladkaya-zhizn/
1320807,ИП Егембердиев,,sole_proprietor_ru,Шитов Дмитрий Александрович,Генеральный Директор,"[{""name"": ""Общество с ограниченной ответственностью Группа Компаний «Сладкая Жизнь»"", ""inn"": ""5260487561""}]",1055233034845,07.02.2005,"обл. Нижегородская, г. Нижний Новгород, ул. Героя Попова, д. 43в, офис 4",[],,https://companies.rbc.ru/id/1055233034845-gk-sladkaya-zhizn/
478536,ИП Жунусова А.Г.,,sole_proprietor_ru,Шитов Дмитрий Александрович,Генеральный Директор,"[{""name"": ""Общество с ограниченной ответственностью Группа Компаний «Сладкая Жизнь»"", ""inn"": ""5260487561""}]",1055233034845,07.02.2005,"обл. Нижегородская, г. Нижний Новгород, ул. Героя Попова, д. 43в, офис 4",[],,https://companies.rbc.ru/id/1055233034845-gk-sladkaya-zhizn/
671769,ИП ИБРАИМОВА,,sole_proprietor_ru,Шитов Дмитрий Александрович,Генеральный Директор,"[{""name"": ""Общество с ограниченной ответственностью Группа Компаний «Сладкая Жизнь»"", ""inn"": ""5260487561""}]",1055233034845,07.02.2005,"обл. Нижегородская, г. Нижний Новгород, ул. Героя Попова, д. 43в, офис 4",[],,https://companies.rbc.ru/id/1055233034845-gk-sladkaya-zhizn/
4165882,ИП ИРОВА,,sole_proprietor_ru,Шитов Дмитрий Александрович,Генеральный Директор,"[{""name"": ""Общество с ограниченной ответственностью Группа Компаний «Сладкая Жизнь»"", ""inn"": ""5260487561""}]",1055233034845,07.02.2005,"обл. Нижегородская, г. Нижний Новгород, ул. Героя Попова, д. 43в, офис 4",[],,https://companies.rbc.ru/id/1055233034845-gk-sladkaya-zhizn/
1360514,ИП Исабекова,,sole_proprietor_ru,Шитов Дмитрий Александрович,Генеральный Директор,"[{""name"": ""Общество с ограниченной ответственностью Группа Компаний «Сладкая Жизнь»"", ""inn"": ""5260487561""}]",1055233034845,07.02.2005,"обл. Нижегородская, г. Нижний Новгород, ул. Героя Попова, д. 43в, офис 4",[],,https://companies.rbc.ru/id/1055233034845-gk-sladkaya-zhizn/
250104898,ИП КИМ В.О.,,sole_proprietor_ru,Шитов Дмитрий Александрович,Генеральный Директор,"[{""name"": ""Общество с ограниченной ответственностью Группа Компаний «Сладкая Жизнь»"", ""inn"": ""5260487561""}]",1055233034845,07.02.2005,"обл. Нижегородская, г. Нижний Новгород, ул. Героя Попова, д. 43в, офис 4",[],,https://companies.rbc.ru/id/1055233034845-gk-sladkaya-zhizn/
1120272,ИП Касумова,,sole_proprietor_ru,Шитов Дмитрий Александрович,Генеральный Директор,"[{""name"": ""Общество с ограниченной ответственностью Группа Компаний «Сладкая Жизнь»"", ""inn"": ""5260487561""}]",1055233034845,07.02.2005,"обл. Нижегородская, г. Нижний Новгород, ул. Героя Попова, д. 43в, офис 4",[],,https://companies.rbc.ru/id/1055233034845-gk-sladkaya-zhizn/
4223624,ИП Кулжанова,,sole_proprietor_ru,Шитов Дмитрий Александрович,Генеральный Директор,"[{""name"": ""Общество с ограниченной ответственностью Группа Компаний «Сладкая Жизнь»"", ""inn"": ""5260487561""}]",1055233034845,07.02.2005,"обл. Нижегородская, г. Нижний Новгород, ул. Героя Попова, д. 43в, офис 4",[],,https://companies.rbc.ru/id/1055233034845-gk-sladkaya-zhizn/
1037017,ИП Куракин В,,sole_proprietor_ru,Шитов Дмитрий Александрович,Генеральный Директор,"[{""name"": ""Общество с ограниченной ответственностью Группа Компаний «Сладкая Жизнь»"", ""inn"": ""5260487561""}]",1055233034845,07.02.2005,"обл. Нижегородская, г. Нижний Новгород, ул. Героя Попова, д. 43в, офис 4",[],,https://companies.rbc.ru/id/1055233034845-gk-sladkaya-zhizn/
666025,ИП ЛЯПИНА,,sole_proprietor_ru,Шитов Дмитрий Александрович,Генеральный Директор,"[{""name"": ""Общество с ограниченной ответственностью Группа Компаний «Сладкая Жизнь»"", ""inn"": ""5260487561""}]",1055233034845,07.02.2005,"обл. Нижегородская, г. Нижний Новгород, ул. Героя Попова, д. 43в, офис 4",[],,https://companies.rbc.ru/id/1055233034845-gk-sladkaya-zhizn/
4379134,ИП МАХУАЮНОВА,,sole_proprietor_ru,Шитов Дмитрий Александрович,Генеральный Директор,"[{""name"": ""Общество с ограниченной ответственностью Группа Компаний «Сладкая Жизнь»"", ""inn"": ""5260487561""}]",1055233034845,07.02.2005,"обл. Нижегородская, г. Нижний Новгород, ул. Героя Попова, д. 43в, офис 4",[],,https://companies.rbc.ru/id/1055233034845-gk-sladkaya-zhizn/
250035020,ИП МОЙ ДОМ,,sole_proprietor_ru,Шитов Дмитрий Александрович,Генеральный Директор,"[{""name"": ""Общество с ограниченной ответственностью Группа Компаний «Сладкая Жизнь»"", ""inn"": ""5260487561""}]",1055233034845,07.02.2005,"обл. Нижегородская, г. Нижний Новгород, ул. Героя Попова, д. 43в, офис 4",[],,https://companies.rbc.ru/id/1055233034845-gk-sladkaya-zhizn/
1334863,ИП Мирошниченко,,sole_proprietor_ru,Шитов Дмитрий Александрович,Генеральный Директор,"[{""name"": ""Общество с ограниченной ответственностью Группа Компаний «Сладкая Жизнь»"", ""inn"": ""5260487561""}]",1055233034845,07.02.2005,"обл. Нижегородская, г. Нижний Новгород, ул. Героя Попова, д. 43в, офис 4",[],,https://companies.rbc.ru/id/1055233034845-gk-sladkaya-zhizn/
1289238,ИП Мухтар,,sole_proprietor_ru,Шитов Дмитрий Александрович,Генеральный Директор,"[{""name"": ""Общество с ограниченной ответственностью Группа Компаний «Сладкая Жизнь»"", ""inn"": ""5260487561""}]",1055233034845,07.02.2005,"обл. Нижегородская, г. Нижний Новгород, ул. Героя Попова, д. 43в, офис 4",[],,https://companies.rbc.ru/id/1055233034845-gk-sladkaya-zhizn/
1289239,ИП НУСИПОВ,,sole_proprietor_ru,Шитов Дмитрий Александрович,Генеральный Директор,"[{""name"": ""Общество с ограниченной ответственностью Группа Компаний «Сладкая Жизнь»"", ""inn"": ""5260487561""}]",1055233034845,07.02.2005,"обл. Нижегородская, г. Нижний Новгород, ул. Героя Попова, д. 43в, офис 4",[],,https://companies.rbc.ru/id/1055233034845-gk-sladkaya-zhizn/
459365,ИП Пирназарова,,sole_proprietor_ru,Шитов Дмитрий Александрович,Генеральный Директор,"[{""name"": ""Общество с ограниченной ответственностью Группа Компаний «Сладкая Жизнь»"", ""inn"": ""5260487561""}]",1055233034845,07.02.2005,"обл. Нижегородская, г. Нижний Новгород, ул. Героя Попова, д. 43в, офис 4",[],,https://companies.rbc.ru/id/1055233034845-gk-sladkaya-zhizn/
4002361,ИП Роман,,sole_proprietor_ru,Шитов Дмитрий Александрович,Генеральный Директор,"[{""name"": ""Общество с ограниченной ответственностью Группа Компаний «Сладкая Жизнь»"", ""inn"": ""5260487561""}]",1055233034845,07.02.2005,"обл. Нижегородская, г. Нижний Новгород, ул. Героя Попова, д. 43в, офис 4",[],,https://companies.rbc.ru/id/1055233034845-gk-sladkaya-zhizn/
4289014,ИП Садин С. К.,,sole_proprietor_ru,Шитов Дмитрий Александрович,Генеральный Директор,"[{""name"": ""Общество с ограниченной ответственностью Группа Компаний «Сладкая Жизнь»"", ""inn"": ""5260487561""}]",1055233034845,07.02.2005,"обл. Нижегородская, г. Нижний Новгород, ул. Героя Попова, д. 43в, офис 4",[],,https://companies.rbc.ru/id/1055233034845-gk-sladkaya-zhizn/
1145459,ИП Садыкова,,sole_proprietor_ru,Шитов Дмитрий Александрович,Генеральный Директор,"[{""name"": ""Общество с ограниченной ответственностью Группа Компаний «Сладкая Жизнь»"", ""inn"": ""5260487561""}]",1055233034845,07.02.2005,"обл. Нижегородская, г. Нижний Новгород, ул. Героя Попова, д. 43в, офис 4",[],,https://companies.rbc.ru/id/1055233034845-gk-sladkaya-zhizn/
147542,ИП Сериков Б.И.,,sole_proprietor_ru,Шитов Дмитрий Александрович,Генеральный Директор,"[{""name"": ""Общество с ограниченной ответственностью Группа Компаний «Сладкая Жизнь»"", ""inn"": ""5260487561""}]",1055233034845,07.02.2005,"обл. Нижегородская, г. Нижний Новгород, ул. Героя Попова, д. 43в, офис 4",[],,https://companies.rbc.ru/id/1055233034845-gk-sladkaya-zhizn/
972928,ИП ТОБЫКБАЕВА,,sole_proprietor_ru,Шитов Дмитрий Александрович,Генеральный Директор,"[{""name"": ""Общество с ограниченной ответственностью Группа Компаний «Сладкая Жизнь»"", ""inn"": ""5260487561""}]",1055233034845,07.02.2005,"обл. Нижегородская, г. Нижний Новгород, ул. Героя Попова, д. 43в, офис 4",[],,https://companies.rbc.ru/id/1055233034845-gk-sladkaya-zhizn/
1294114,ИП УНАЕВА,,sole_proprietor_ru,Шитов Дмитрий Александрович,Генеральный Директор,"[{""name"": ""Общество с ограниченной ответственностью Группа Компаний «Сладкая Жизнь»"", ""inn"": ""5260487561""}]",1055233034845,07.02.2005,"обл. Нижегородская, г. Нижний Новгород, ул. Героя Попова, д. 43в, офис 4",[],,https://companies.rbc.ru/id/1055233034845-gk-sladkaya-zhizn/
4458384,ИП шам,,sole_proprietor_ru,Шитов Дмитрий Александрович,Генеральный Директор,"[{""name"": ""Общество с ограниченной ответственностью Группа Компаний «Сладкая Жизнь»"", ""inn"": ""5260487561""}]",1055233034845,07.02.2005,"обл. Нижегородская, г. Нижний Новгород, ул. Героя Попова, д. 43в, офис 4",[],,https://companies.rbc.ru/id/1055233034845-gk-sladkaya-zhizn/
1206406,"ИП""АББАСОВА""",,sole_proprietor_ru,Шитов Дмитрий Александрович,Генеральный Директор,"[{""name"": ""Общество с ограниченной ответственностью Группа Компаний «Сладкая Жизнь»"", ""inn"": ""5260487561""}]",1055233034845,07.02.2005,"обл. Нижегородская, г. Нижний Новгород, ул. Героя Попова, д. 43в, офис 4",[],,https://companies.rbc.ru/id/1055233034845-gk-sladkaya-zhizn/
68320,Имидж косметик ООО,,legal_entity_ru,Шитов Дмитрий Александрович,Генеральный Директор,"[{""name"": ""Общество с ограниченной ответственностью Группа Компаний «Сладкая Жизнь»"", ""inn"": ""5260487561""}]",1055233034845,07.02.2005,"обл. Нижегородская, г. Нижний Новгород, ул. Героя Попова, д. 43в, офис 4",[],,https://companies.rbc.ru/id/1055233034845-gk-sladkaya-zhizn/
85387,КОМПАНИЯ ГРАНД ООО,5029216330,legal_entity_ru,Корнилов Александр Станиславович,Генеральный Директор,[],1165029059942,05.12.2016,"обл. Московская, г. Мытищи, ул. Матросова, д. 12, помещ. 3",[],,https://companies.rbc.ru/id/1165029059942-ooo-kompaniya-grand/
697557,КОСМЕТИСТА,,unknown,Шитов Дмитрий Александрович,Генеральный Директор,"[{""name"": ""Общество с ограниченной ответственностью Группа Компаний «Сладкая Жизнь»"", ""inn"": ""5260487561""}]",1055233034845,07.02.2005,"обл. Нижегородская, г. Нижний Новгород, ул. Героя Попова, д. 43в, офис 4",[],,https://companies.rbc.ru/id/1055233034845-gk-sladkaya-zhizn/
3929817,КТК Трейд,0524009723,legal_entity_ru,Абдулаев Расул Абдулаевич,Директор,[],1230500000103,10.01.2023,"респ. Дагестан, м.р-н Новолакский, с. Новочуртах, ул. Школьная, д. 9",[],,https://companies.rbc.ru/id/1230500000103-obschestvo-s-ogranichennoj-otvetstvennostyu-azs-ktk/
1193229,ЛЮШАНЛО ЗАРИНА РАМАЗАНОВА,,unknown,Шитов Дмитрий Александрович,Генеральный Директор,"[{""name"": ""Общество с ограниченной ответственностью Группа Компаний «Сладкая Жизнь»"", ""inn"": ""5260487561""}]",1055233034845,07.02.2005,"обл. Нижегородская, г. Нижний Новгород, ул. Героя Попова, д. 43в, офис 4",[],,https://companies.rbc.ru/id/1055233034845-gk-sladkaya-zhizn/
90010,МЕДТОРГ ООО,9705096072,legal_entity_ru,Дружинин Валентин Владимирович,Генеральный Директор,[],1177746443280,02.05.2017,"г. Москва, вн.тер.г. муниципальный округ Таганский, наб. Краснохолмская, д. 1/15, помещ. 5",[],,https://companies.rbc.ru/id/1177746443280-ooo-medtorg/
53825,МЕЖРЕГИОНАЛЬНАЯ КОМПАНИЯ ТЕХНОПРОФИ ООО,7602110980,legal_entity_ru,Ефремова Ирина Борисовна,Директор,[],1147602008971,27.10.2014,"г. Москва, вн.тер.г. Муниципальный округ Выхино-Жулебино, пр-кт Рязанский, д. 91, к. 1, кв. 305",[],,https://companies.rbc.ru/id/1147602008971-ooo-mezhregionalnaya-kompaniya-tehnoprofi/
3950361,Малыгина,,unknown,Шитов Дмитрий Александрович,Генеральный Директор,"[{""name"": ""Общество с ограниченной ответственностью Группа Компаний «Сладкая Жизнь»"", ""inn"": ""5260487561""}]",1055233034845,07.02.2005,"обл. Нижегородская, г. Нижний Новгород, ул. Героя Попова, д. 43в, офис 4",[],,https://companies.rbc.ru/id/1055233034845-gk-sladkaya-zhizn/
1157375,Миропт,0277944802,legal_entity_ru,Калмыкова Елена Михайловна,Директор,[],1190280064193,18.10.2019,"респ. Башкортостан, г. Уфа, ул. Буревестника, д. 15, офис 1",[],,https://companies.rbc.ru/id/1190280064193-obschestvo-s-ogranichennoj-otvetstvennostyu-miropt/
34111,Мобильный город ЧУП,,unknown,Шитов Дмитрий Александрович,Генеральный Директор,"[{""name"": ""Общество с ограниченной ответственностью Группа Компаний «Сладкая Жизнь»"", ""inn"": ""5260487561""}]",1055233034845,07.02.2005,"обл. Нижегородская, г. Нижний Новгород, ул. Героя Попова, д. 43в, офис 4",[],,https://companies.rbc.ru/id/1055233034845-gk-sladkaya-zhizn/
76641,"ОАО ""Компания ""Арнест""",2631026460,legal_entity_ru,Галустян Самвел Александрович,Генеральный Директор,[],1042600804135,18.05.2004,"край Ставропольский, г. Невинномысск, ул. Комбинатская, д. 6",[],,https://companies.rbc.ru/id/1042600804135-oao-kompaniya-arnest/
4070889,"ООО "" Первый Лодочный""",,legal_entity_ru,Шитов Дмитрий Александрович,Генеральный Директор,"[{""name"": ""Общество с ограниченной ответственностью Группа Компаний «Сладкая Жизнь»"", ""inn"": ""5260487561""}]",1055233034845,07.02.2005,"обл. Нижегородская, г. Нижний Новгород, ул. Героя Попова, д. 43в, офис 4",[],,https://companies.rbc.ru/id/1055233034845-gk-sladkaya-zhizn/
1182527,"ООО "" Эйч энд Би""",,legal_entity_ru,Шитов Дмитрий Александрович,Генеральный Директор,"[{""name"": ""Общество с ограниченной ответственностью Группа Компаний «Сладкая Жизнь»"", ""inn"": ""5260487561""}]",1055233034845,07.02.2005,"обл. Нижегородская, г. Нижний Новгород, ул. Героя Попова, д. 43в, офис 4",[],,https://companies.rbc.ru/id/1055233034845-gk-sladkaya-zhizn/
4275975,"ООО ""АБСОЛЮТ-ЭКСПОРТ""",7453271058,legal_entity_ru,Борисов Владимир Викторович,Директор,[],1147453007459,05.08.2014,"край Краснодарский, г. Ейск, ул. Красная, д. 57/2, помещ. 18",[],,https://companies.rbc.ru/id/1147453007459-ooo-absolyut-eksport/
1401848,"ООО ""АВАНТИ""",6671285429,legal_entity_ru,Пьянков Михаил Александрович,Генеральный Директор,[],1236600059959,02.10.2023,"обл. Свердловская, г. Екатеринбург, ул. Отто Шмидта, д. 44, кв. 23",[],,https://companies.rbc.ru/id/1236600059959-ooo-ooo-avanti/
820714,"ООО ""АВРОРА""",7838466530,legal_entity_ru,Борисов Евгений Владимирович,Генеральный Директор,[],1117847451864,24.10.2011,"г. Санкт-Петербург, вн.тер.г. муниципальный округ Московская застава, ул. Смоленская, д. 31/20, литера А, помещ. 7н",[],,https://companies.rbc.ru/id/1117847451864-ooo-avrora/
86357,"ООО ""АВС""",7709866272,legal_entity_ru,Комолова Альбина Владимировна,Генеральный Директор,[],1107746966964,26.11.2010,"г. Москва, вн.тер.г. Муниципальный округ Нижегородский, ул. Верхняя Хохловка, д. 39/47, помещ. 1/1",[],,https://companies.rbc.ru/id/1107746966964-ooo-audio-video-servis/
3949893,"ООО ""АЗМ""",0268032912,legal_entity_ru,Галеев Азамат Шамилевич,Директор,"[{""name"": ""ООО «Азм»"", ""inn"": ""0268032912""}]",1030203433963,28.08.2003,"респ. Башкортостан, г. Стерлитамак, пр-кт Ленина, д. 75, помещ. 21",[],,https://companies.rbc.ru/id/1030203433963-ooo-aviatsiya-zaschita-monitoring/
17399,"ООО ""АКД""",7718975302,legal_entity_ru,Горячев Андрей Михайлович,Генеральный Директор,[],1147746354821,02.04.2014,"г. Москва, вн.тер.г. Муниципальный округ Солнцево, ул. Родниковая, д. 5а, кв. 814",[],,https://companies.rbc.ru/id/1147746354821-ooo-akd/
169219,"ООО ""АЛЬМАМЕД""",3663147243,legal_entity_ru,Новикова Людмила Петровна,Генеральный Директор,[],1203600002748,31.01.2020,"обл. Воронежская, г. Воронеж, пр-кт Московский, д. 19, помещ. 1/46",[],,https://companies.rbc.ru/id/1203600002748-obschestvo-s-ogranichennoj-otvetstvennostyu-almamed/
835509,"ООО ""АМАЛЬФИ""",6504024516,legal_entity_ru,Альтманн Антон Викторович,Генеральный Директор,[],1206500004644,02.09.2020,"обл. Сахалинская, г. Южно-Сахалинск, пр-кт Мира, д. 1е, стр. 2",[],,https://companies.rbc.ru/id/1206500004644-obschestvo-s-ogranichennoj-otvetstvennostyu-amalfi/
614063,"ООО ""АМОРЕ""",6679147082,legal_entity_ru,Пьянков Алексей Александрович,Генеральный Директор,[],1216600070532,25.11.2021,"обл. Свердловская, г. Екатеринбург, ул. Металлургов, д. 84, помещ. 54",[],,https://companies.rbc.ru/id/1216600070532-obschestvo-s-ogranichennoj-otvetstvennostyu-amore/
1289869,"ООО ""АНТАРЕС""",6685209675,legal_entity_ru,Баканев Дмитрий Александрович,Директор,[],1236600019380,28.03.2023,"обл. Свердловская, г. Екатеринбург, ул. Куйбышева, стр. 38, офис 300",[],,https://companies.rbc.ru/id/1236600019380-obschestvo-s-ogranichennoj-otvetstvennostyu-antares/
4178781,"ООО ""АНТЕРОС ГРУПП""",,legal_entity_ru,Шитов Дмитрий Александрович,Генеральный Директор,"[{""name"": ""Общество с ограниченной ответственностью Группа Компаний «Сладкая Жизнь»"", ""inn"": ""5260487561""}]",1055233034845,07.02.2005,"обл. Нижегородская, г. Нижний Новгород, ул. Героя Попова, д. 43в, офис 4",[],,https://companies.rbc.ru/id/1055233034845-gk-sladkaya-zhizn/
250088433,"ООО ""АОДУОЯ ТРЕЙДИНГ""",7751380599,legal_entity_ru,Тан Чжэн,Генеральный Директор,[],1257700562041,16.12.2025,"г. Москва, вн.тер. г. муниципальный округ Филимонковский, д. Марьино, ул. Жемчужная, д. 1, к. 2, помещ. 34к",[],,https://companies.rbc.ru/id/1257700562041-ooo-aoduoya-trejding/
220979,"ООО ""АСИЛА""",2311313842,legal_entity_ru,Оскорбин Андрей Владимирович,Генеральный Директор,[],1202300068772,17.12.2020,"край Краснодарский, г. Краснодар, ул. им. Дзержинского, д. 40, помещ. 54",[],,https://companies.rbc.ru/id/1202300068772-obschestvo-s-ogranichennoj-otvetstvennostyu-asila/
1177249,"ООО ""АТЕРНАЛ МАРКЕТИНГ""",9723170579,legal_entity_ru,Жирнов Иван Сергеевич,Генеральный Директор,[],1227700628528,03.10.2022,"г. Москва, вн.тер. г. Муниципальный округ Обручевский, ул. Новаторов, д. 7а, к. 2",[],,https://companies.rbc.ru/id/1227700628528-ooo-semili-kosmetik/
1237154,"ООО ""Абсолют""",7447162854,legal_entity_ru,Сагура Тимур Михайлович,Директор,[],1097447016006,17.11.2009,"обл. Челябинская, г. Челябинск, ул. Чайковского, д. 173, Мансарда 5.6",[],,https://companies.rbc.ru/id/1097447016006-ooo-absolyut/
250035907,"ООО ""АвтоНИКАхим плюс""",,legal_entity_ru,Шитов Дмитрий Александрович,Генеральный Директор,"[{""name"": ""Общество с ограниченной ответственностью Группа Компаний «Сладкая Жизнь»"", ""inn"": ""5260487561""}]",1055233034845,07.02.2005,"обл. Нижегородская, г. Нижний Новгород, ул. Героя Попова, д. 43в, офис 4",[],,https://companies.rbc.ru/id/1055233034845-gk-sladkaya-zhizn/
1000354,"ООО ""Автопровайдер""",,legal_entity_ru,Шитов Дмитрий Александрович,Генеральный Директор,"[{""name"": ""Общество с ограниченной ответственностью Группа Компаний «Сладкая Жизнь»"", ""inn"": ""5260487561""}]",1055233034845,07.02.2005,"обл. Нижегородская, г. Нижний Новгород, ул. Героя Попова, д. 43в, офис 4",[],,https://companies.rbc.ru/id/1055233034845-gk-sladkaya-zhizn/
4269936,"ООО ""АйтиМолл""",,legal_entity_ru,Шитов Дмитрий Александрович,Генеральный Директор,"[{""name"": ""Общество с ограниченной ответственностью Группа Компаний «Сладкая Жизнь»"", ""inn"": ""5260487561""}]",1055233034845,07.02.2005,"обл. Нижегородская, г. Нижний Новгород, ул. Героя Попова, д. 43в, офис 4",[],,https://companies.rbc.ru/id/1055233034845-gk-sladkaya-zhizn/
435860,"ООО ""АльфаБравоЧарли Эквипмент""",,legal_entity_ru,Шитов Дмитрий Александрович,Генеральный Директор,"[{""name"": ""Общество с ограниченной ответственностью Группа Компаний «Сладкая Жизнь»"", ""inn"": ""5260487561""}]",1055233034845,07.02.2005,"обл. Нижегородская, г. Нижний Новгород, ул. Героя Попова, д. 43в, офис 4",[],,https://companies.rbc.ru/id/1055233034845-gk-sladkaya-zhizn/
147644,"ООО ""Амритрейд""",,legal_entity_ru,Шитов Дмитрий Александрович,Генеральный Директор,"[{""name"": ""Общество с ограниченной ответственностью Группа Компаний «Сладкая Жизнь»"", ""inn"": ""5260487561""}]",1055233034845,07.02.2005,"обл. Нижегородская, г. Нижний Новгород, ул. Героя Попова, д. 43в, офис 4",[],,https://companies.rbc.ru/id/1055233034845-gk-sladkaya-zhizn/
1413147,"ООО ""АрвитФарм""",,legal_entity_ru,Шитов Дмитрий Александрович,Генеральный Директор,"[{""name"": ""Общество с ограниченной ответственностью Группа Компаний «Сладкая Жизнь»"", ""inn"": ""5260487561""}]",1055233034845,07.02.2005,"обл. Нижегородская, г. Нижний Новгород, ул. Героя Попова, д. 43в, офис 4",[],,https://companies.rbc.ru/id/1055233034845-gk-sladkaya-zhizn/
250059870,"ООО ""Ардилаймком""",,legal_entity_ru,Шитов Дмитрий Александрович,Генеральный Директор,"[{""name"": ""Общество с ограниченной ответственностью Группа Компаний «Сладкая Жизнь»"", ""inn"": ""5260487561""}]",1055233034845,07.02.2005,"обл. Нижегородская, г. Нижний Новгород, ул. Героя Попова, д. 43в, офис 4",[],,https://companies.rbc.ru/id/1055233034845-gk-sladkaya-zhizn/
250084704,"ООО ""БАСТУЛИЯ""",5405511362,legal_entity_ru,Некрасов Михаил Николаевич,Генеральный Директор,[],1255400037265,10.12.2025,"обл. Новосибирская, г.о. город Новосибирск, г. Новосибирск, ул. Большевистская, д. 131",[],,https://companies.rbc.ru/id/1255400037265-ooo-bastuliya/
43195,"ООО ""БЕЛЛА Восток""",7721504871,legal_entity_ru,Горковенко Ежи,Генеральный Директор,[],1047796113485,25.02.2004,"обл. Московская, г. Егорьевск, ул. Промышленная, д. 9",[],,https://companies.rbc.ru/id/1047796113485-ooo-bella-vostok/
10465,"ООО ""БЕЛОНИЯ М""",7729422282,legal_entity_ru,Костюков Александр Александрович,Генеральный Директор,[],1027729013498,26.12.2002,"г. Москва, вн.тер.г. Муниципальный округ Раменки, ул. Минская, д. 1г, к. 1, помещ. 11н",[],,https://companies.rbc.ru/id/1027729013498-ooo-obschestvo-s-ogranichennoj-otvetstvennostyu-beloniya-m/
1202657,"ООО ""БИ-ПЛАСТ""",4600000546,legal_entity_ru,Белоусов Александр Викторович,Директор,[],1234600001074,08.02.2023,"обл. Курская, г. Курск, ул. Овечкина, д. 106а",[],,https://companies.rbc.ru/id/1234600001074-obschestvo-s-ogranichennoj-otvetstvennostyu-bi-plast/
204588,"ООО ""БИОН""",5047181263,legal_entity_ru,Бударина Ирина Александровна,Директор,[],1165047052202,29.02.2016,"г. Москва, вн.тер.г. муниципальный округ Западное Дегунино, ул. Бусиновская Горка, д. 2, стр. 2, этаж 6 пом XIII ком 1",[],,https://companies.rbc.ru/id/1165047052202-ooo-bion/
405859,"ООО ""БМГ""",6685000955,legal_entity_ru,Климкин Игорь Вячеславович,Генеральный Директор,"[{""name"": ""Общество с ограниченной ответственностью «Группа Компаний Биомикрогели»"", ""inn"": ""6670509940""}]",1126685000947,26.01.2012,"г. Москва, ул. Нобеля (инновационного центра Сколково Тер), дом 7, эт 4 ЧП 25 РМ 2",[],,https://companies.rbc.ru/id/1126685000947-ooo-obschestvo-s-ogranichennoj-otvetstvennostyu-biomikrogeli/
71193,"ООО ""БФГ""",7718309503,legal_entity_ru,Соснин Александр Алексеевич,Генеральный Директор,[],5147746386673,24.11.2014,"г. Москва, вн.тер.г. муниципальный округ Сокольники, ул. Маленковская, д. 13/12, кв. 10",[],,https://companies.rbc.ru/id/5147746386673-ooo-biznesfinansgarant/
4103966,"ООО ""ВАВИНИ бай""",,legal_entity_ru,Шитов Дмитрий Александрович,Генеральный Директор,"[{""name"": ""Общество с ограниченной ответственностью Группа Компаний «Сладкая Жизнь»"", ""inn"": ""5260487561""}]",1055233034845,07.02.2005,"обл. Нижегородская, г. Нижний Новгород, ул. Героя Попова, д. 43в, офис 4",[],,https://companies.rbc.ru/id/1055233034845-gk-sladkaya-zhizn/
250088432,"ООО ""ВАНДЕРОП Э-КОММЕРС""",7751380574,legal_entity_ru,Сюй Гэ,Генеральный Директор,[],1257700562019,16.12.2025,"г. Москва, вн.тер. г. муниципальный округ Филимонковский, д. Марьино, ул. Жемчужная, д. 1, к. 11, помещ. 35к",[],,https://companies.rbc.ru/id/1257700562019-ooo-vanderop-e-kommers/
250084474,"ООО ""ВЕЛИКИЙ ГОРОД""",7801731534,legal_entity_ru,Янь Чжэньвэнь,Генеральный Директор,[],1247800015946,15.02.2024,"г. Санкт-Петербург, вн.тер. г. Муниципальный округ Гавань, ул. Гаванская, д. 37, лит А, помещ. 16-Н",[],,https://companies.rbc.ru/id/1247800015946-ooo-velikij-gorod/
154064,"ООО ""ВЕРТЕКС""",5258150049,legal_entity_ru,Гуданов Георгий Валерьевич,Директор,[],1215200002456,28.01.2021,"обл. Нижегородская, г. Нижний Новгород, ул. Новикова-Прибоя, д. 12, офис 601",[],,https://companies.rbc.ru/id/1215200002456-ooo-verteks/
1315309,"ООО ""ВИТЕ ГЛОБАЛ""",5074081170,legal_entity_ru,Мкртчян Гайк Сережаевич,Генеральный Директор,[],1235000044113,11.04.2023,"обл. Московская, г. Подольск, ул. Профсоюзная, д. 7а, кв. 170",[],,https://companies.rbc.ru/id/1235000044113-obschestvo-s-ogranichennoj-otvetstvennostyu-vite-global/
1123153,"ООО ""ВОСТОК-МАСТЕР""",6685134959,legal_entity_ru,Меркурьева Любовь Валерьевна,Директор,[],1176658059742,15.06.2017,"обл. Свердловская, г.о. Сысертский, г. Сысерть, ул. Декабристов, д. 77",[],,https://companies.rbc.ru/id/1176658059742-ooo-vostok-master/
2447,"ООО ""ВсеИнструменты.ру""",7722753969,legal_entity_ru,Фахрутдинов Валентин Кириллович,Генеральный Директор,"[{""name"": ""Акционерное общество «Ви.Ру»"", ""inn"": ""3300010559""}]",1117746646269,19.08.2011,"г. Москва, вн.тер.г. муниципальный округ Марьино, ул. Братиславская, д. 16, к. 1, помещ. 3",[],,https://companies.rbc.ru/id/1117746646269-ooo-vseinstrumentyiru/
368126,"ООО ""ГК БИЗНЕС СЕРВИС""",9721065353,legal_entity_ru,Домалевская Снежана Святославовна,Генеральный Директор,[],1187746472055,11.05.2018,"г. Москва, вн.тер.г. муниципальный округ Выхино-Жулебино, пр-д 1-й Люберецкий, д. 2, стр. 1, офис 302",[],,https://companies.rbc.ru/id/1187746472055-ooo-obschestvo-s-ogranichennoj-otvetstvennostyu-gk-biznes-servis/
1311089,"ООО ""ГОСТ-ДИЗЕЛЬ""",2312318120,legal_entity_ru,Финагенов Максим Сергеевич,Генеральный Директор,[],1232300022151,14.04.2023,"край Краснодарский, г. Краснодар, ул. им. Евдокии Бершанской, д. 353/5, помещ. 1",[],,https://companies.rbc.ru/id/1232300022151-obschestvo-s-ogranichennoj-otvetstvennostyu-gost-dizel/
12082,"ООО ""ГРАДИЕНТ ДИСТРИБЬЮЦИЯ""",7705442145,legal_entity_ru,Полякова Татьяна Андреевна,Генеральный Директор,"[{""name"": ""Общество с ограниченной ответственностью «Управляющая Компания «Градиент»"", ""inn"": ""7705410009""}]",1027739605750,04.04.2002,"обл. Московская, г.о. Красногорск, п. Мечниково, д. 26, этаж 3, помещ. 3/3-1",[],,https://companies.rbc.ru/id/1027739605750-ooo-gradient-distribyutsiya/
4086657,"ООО ""Глобал Гудс""",,legal_entity_ru,Шитов Дмитрий Александрович,Генеральный Директор,"[{""name"": ""Общество с ограниченной ответственностью Группа Компаний «Сладкая Жизнь»"", ""inn"": ""5260487561""}]",1055233034845,07.02.2005,"обл. Нижегородская, г. Нижний Новгород, ул. Героя Попова, д. 43в, офис 4",[],,https://companies.rbc.ru/id/1055233034845-gk-sladkaya-zhizn/
4142305,"ООО ""ГлобалВэйв""",,legal_entity_ru,Шитов Дмитрий Александрович,Генеральный Директор,"[{""name"": ""Общество с ограниченной ответственностью Группа Компаний «Сладкая Жизнь»"", ""inn"": ""5260487561""}]",1055233034845,07.02.2005,"обл. Нижегородская, г. Нижний Новгород, ул. Героя Попова, д. 43в, офис 4",[],,https://companies.rbc.ru/id/1055233034845-gk-sladkaya-zhizn/
1210806,"ООО ""ДАППАО""",,legal_entity_ru,Шитов Дмитрий Александрович,Генеральный Директор,"[{""name"": ""Общество с ограниченной ответственностью Группа Компаний «Сладкая Жизнь»"", ""inn"": ""5260487561""}]",1055233034845,07.02.2005,"обл. Нижегородская, г. Нижний Новгород, ул. Героя Попова, д. 43в, офис 4",[],,https://companies.rbc.ru/id/1055233034845-gk-sladkaya-zhizn/
250137123,"ООО ""ДВИЖЕНИЕ""",7706811532,legal_entity_ru,Горбенко Николай Александрович,Генеральный Директор,[],1147746754781,03.07.2014,"г. Москва, вн.тер.г. муниципальный округ Хамовники, ул. Трубецкая, д. 10, кв. 73",[],,https://companies.rbc.ru/id/1147746754781-ooo-dvizhenie/
4320008,"ООО ""ДЖИРИ""",7707466470,legal_entity_ru,Харчамадзе Гела Гелаевич,Генеральный Директор,[],1227700259907,04.05.2022,"г. Москва, вн.тер.г. Муниципальный округ Тверской, ул. Новослободская, д. 20, помещ. 27/1/2, офис 2",[],,https://companies.rbc.ru/id/1227700259907-ooo-dzhiri/
1336326,"ООО ""ДИАФАРМ""",5406832520,legal_entity_ru,Карлинский Виталий Вячеславович,Генеральный Директор,[],1235400024958,14.06.2023,"обл. Новосибирская, г. Новосибирск, ул. Демьяна Бедного, д. 64, кв. 56",[],,https://companies.rbc.ru/id/1235400024958-ooo-diafarm/
4422818,"ООО ""ДИНАМИКА""",4000021470,legal_entity_ru,Рахимова Диляра Рустемовна,Генеральный Директор,[],1254000000847,29.01.2025,"обл. Калужская, г. Калуга, ул. Рылеева, д. 38",[],,https://companies.rbc.ru/id/1254000000847-ooo-dinamika/
137941,"ООО ""ДОКТОМАРКЕТ""",2310222536,legal_entity_ru,Селеменев Илья Юрьевич,Генеральный Директор,[],1212300000076,11.01.2021,"край Краснодарский, г. Краснодар, ул. им. Короленко, д. 8, помещ. 1",[],,https://companies.rbc.ru/id/1212300000076-obschestvo-s-ogranichennoj-otvetstvennostyu-logisticheskie-resheniya/
1408686,"ООО ""ДУО""",9717137502,legal_entity_ru,,,[],1237700413906,16.06.2023,"г. Москва, вн.тер.г. Муниципальный округ Даниловский, наб. Павелецкая, д. 2, стр. 1",[],,https://companies.rbc.ru/id/1237700413906-ooo-ooo-duo/
164842,"ООО ""Девелопус""",7727288232,legal_entity_ru,Бородин Сергей Сергеевич,Генеральный Директор,[],1167746392076,19.04.2016,"г. Москва, вн.тер.г. муниципальный округ Северное Бутово, ул. Старобитцевская, д. 11, кв. 457",[],,https://companies.rbc.ru/id/1167746392076-ooo-developus/
4029111,"ООО ""ДекоТок""",,legal_entity_ru,Шитов Дмитрий Александрович,Генеральный Директор,"[{""name"": ""Общество с ограниченной ответственностью Группа Компаний «Сладкая Жизнь»"", ""inn"": ""5260487561""}]",1055233034845,07.02.2005,"обл. Нижегородская, г. Нижний Новгород, ул. Героя Попова, д. 43в, офис 4",[],,https://companies.rbc.ru/id/1055233034845-gk-sladkaya-zhizn/
12520,"ООО ""Детские продукты""",7717730846,legal_entity_ru,Александрова Екатерина Сергеевна,Генеральный Директор,[],1127746612388,08.08.2012,"обл. Московская, г.о. Мытищи, п. Вешки, ш. 2-Й Километр Липкинского, стр. 7/1",[],,https://companies.rbc.ru/id/1127746612388-ooo-detskie-produktyi/
226967,"ООО ""Доктор-Фарма""",5029258403,legal_entity_ru,Касабов Вадим Владимирович,Генеральный Директор,[],1205000090525,08.10.2020,"обл. Московская, г. Мытищи, ул. Борисовка, д. 16, помещ. VI",[],,https://companies.rbc.ru/id/1205000090525-obschestvo-s-ogranichennoj-otvetstvennostyu-doktor-farma/
644163,"ООО ""Домакс Систем""",,legal_entity_ru,Шитов Дмитрий Александрович,Генеральный Директор,"[{""name"": ""Общество с ограниченной ответственностью Группа Компаний «Сладкая Жизнь»"", ""inn"": ""5260487561""}]",1055233034845,07.02.2005,"обл. Нижегородская, г. Нижний Новгород, ул. Героя Попова, д. 43в, офис 4",[],,https://companies.rbc.ru/id/1055233034845-gk-sladkaya-zhizn/
1302200,"ООО ""ЖИРАФ""",2130135556,legal_entity_ru,,,[],1142130004653,26.03.2014,"г. Москва, вн.тер.г. муниципальный округ Тропарево-Никулино, ул. Академика Анохина, д. 26, к. 4, кв. 824",[],,https://companies.rbc.ru/id/1142130004653-ooo-zhiraf/
1296975,"ООО ""ЗДРАВИЦА""",5410099218,legal_entity_ru,Кузнецов Евгений Валерьевич,Директор,[],1225400049852,05.12.2022,"обл. Новосибирская, м.р-н Мошковский, с. Сокур, ул. Лесная, д. 2а",[],,https://companies.rbc.ru/id/1225400049852-obschestvo-s-ogranichennoj-otvetstvennostyu-zdravitsa/
267506,"ООО ""ЗЕБРА ОПТ""",1660360717,legal_entity_ru,Подовалов Олег Николаевич,Генеральный Директор,[],1211600022215,23.03.2021,"респ. Татарстан (Татарстан), г. Казань, ул. Аделя Кутуя, д. 151, помещ. 1",[],,https://companies.rbc.ru/id/1211600022215-obschestvo-s-ogranichennoj-otvetstvennostyu-zebra-opt/
250006968,"ООО ""ЗЕБРА ТТК""",1684009480,legal_entity_ru,Ахметзянова Екатерина Николаевна,Генеральный Директор,[],1221600098280,30.11.2022,"респ. Татарстан (Татарстан), г. Казань, ул. Баки Урманче, д. 5, помещ. 1403",[],,https://companies.rbc.ru/id/1221600098280-obschestvo-s-ogranichennoj-otvetstvennostyu-zebra-ttk/
4299213,"ООО ""ЗапОилСити""",,legal_entity_ru,Шитов Дмитрий Александрович,Генеральный Директор,"[{""name"": ""Общество с ограниченной ответственностью Группа Компаний «Сладкая Жизнь»"", ""inn"": ""5260487561""}]",1055233034845,07.02.2005,"обл. Нижегородская, г. Нижний Новгород, ул. Героя Попова, д. 43в, офис 4",[],,https://companies.rbc.ru/id/1055233034845-gk-sladkaya-zhizn/
250115237,"ООО ""ИЛЬБЕРС""",2221264365,legal_entity_ru,Костина Александра Станиславовна,Директор,[],1262200002481,03.03.2026,"край Алтайский, г.о. город Барнаул, г. Барнаул, ул. Взлетная, д. 33",[],,https://companies.rbc.ru/id/1262200002481-ooo-ilbers/
4150703,"ООО ""ИМПАЛЛ""",6700016960,legal_entity_ru,Папчихин Дмитрий Викторович,Генеральный Директор,[],1246700006310,27.05.2024,"обл. Смоленская, г. Смоленск, ул. Фрунзе, д. 44а, ком. 63",[],,https://companies.rbc.ru/id/1246700006310-ooo-impall/
250100473,"ООО ""ИНВИЖН ТРЕЙД""",7720907532,legal_entity_ru,Курдий Людмила,Генеральный Директор,[],1237700616614,18.09.2023,"г. Москва, вн.тер. г. Муниципальный округ Новогиреево, пр-кт Свободный, д. 21/2, помещ. 1/1",[],,https://companies.rbc.ru/id/1237700616614-ooo-ooo-invizhn-trejd/
276020,"ООО ""ИНСТРОТЕХ""",5031111133,legal_entity_ru,Петровичев Виталий Александрович,Генеральный Директор,[],1145031002225,16.06.2014,"обл. Московская, г.о. Богородский, г. Ногинск, пер. Аптечный, д. 1",[],,https://companies.rbc.ru/id/1145031002225-ooo-vertikal/
250069636,"ООО ""ИНСТРОТЕХ""",5031111133,legal_entity_ru,Петровичев Виталий Александрович,Генеральный Директор,[],1145031002225,16.06.2014,"обл. Московская, г.о. Богородский, г. Ногинск, пер. Аптечный, д. 1",[],,https://companies.rbc.ru/id/1145031002225-ooo-vertikal/
200624,"ООО ""ИНТЭК""",6455006938,legal_entity_ru,Островский Артем Михайлович,Генеральный Директор,"[{""name"": ""Общество с ограниченной ответственностью «Рост»"", ""inn"": ""6455000291""}]",1026403669335,25.02.1994,"обл. Саратовская, г. Саратов, пр-кт Строителей, д. 35",[],,https://companies.rbc.ru/id/1026403669335-ooo-intek/
250118657,"ООО ""ИПАЙ ТРЕЙДИНГ""",7751380567,legal_entity_ru,Сюй Цзе,Генеральный Директор,[],1257700562008,16.12.2025,"г. Москва, вн.тер. г. муниципальный округ Филимонковский, д. Марьино, ул. Жемчужная, д. 1, к. 2, помещ. 34к",[],,https://companies.rbc.ru/id/1257700562008-ooo-ipaj-trejding/
317017,"ООО ""ИСА""",7720317195,legal_entity_ru,Шувалов Вячеслав Александрович,Генеральный Директор,[],1157746895085,30.09.2015,"г. Москва, вн.тер.г. Муниципальный округ Люблино, ул. Верхние Поля, д. 61, стр. 1, этаж 2, офис С1.68",[],,https://companies.rbc.ru/id/1157746895085-ooo-investstrojalfa/
604031,"ООО ""Информторгсервис""",,legal_entity_ru,Шитов Дмитрий Александрович,Генеральный Директор,"[{""name"": ""Общество с ограниченной ответственностью Группа Компаний «Сладкая Жизнь»"", ""inn"": ""5260487561""}]",1055233034845,07.02.2005,"обл. Нижегородская, г. Нижний Новгород, ул. Героя Попова, д. 43в, офис 4",[],,https://companies.rbc.ru/id/1055233034845-gk-sladkaya-zhizn/
4152090,"ООО ""ЙОКИГАЙ""",4330009200,legal_entity_ru,Лал Викшай,Генеральный Директор,[],1244300003881,14.06.2024,"обл. Кировская, м.р-н Советский, г. Советск, ул. Ленина, д. 59, помещ. 1012",[],,https://companies.rbc.ru/id/1244300003881-ooo-jokigaj/
250002405,"ООО ""КАДУЦЕЙ""",7751324788,legal_entity_ru,Ковалева Виктория Александровна,Генеральный Директор,[],1247700553484,16.08.2024,"г. Москва, вн.тер. г. муниципальный округ Солнцево, км 22-Й, д. 4, стр. 2, помещ. 1",[],,https://companies.rbc.ru/id/1247700553484-ooo-kadutsej/
250030119,"ООО ""КАЙРОС""",9722083549,legal_entity_ru,Волков Станислав Александрович,Генеральный Директор,[],1247700599706,06.09.2024,"г. Москва, вн.тер. г. Муниципальный округ Лефортово, ул. Авиамоторная, д. 50, стр. 2, помещ. 29/2",[],,https://companies.rbc.ru/id/1247700599706-ooo-kajros/
4239179,"ООО ""КАКИЕ ЛЮДИ""",7802954572,legal_entity_ru,Давлятченко Дмитрий Алексеевич,Генеральный Директор,[],1247800066447,02.07.2024,"г. Санкт-Петербург, вн.тер. г. муниципальный округ Светлановское, пр-кт 2-Й Муринский, д. 36, стр. 1, помещ. 120н",[],,https://companies.rbc.ru/id/1247800066447-ooo-kakie-lyudi/
250092020,"ООО ""КАПСТРОЙ""",1650379645,legal_entity_ru,Шафигуллин Рамис Раисович,Директор,[],1191690045733,28.05.2019,"респ. Татарстан (Татарстан), г. Набережные Челны, пр-кт Чулман, д. 13, кв. 131",[],,https://companies.rbc.ru/id/1191690045733-obschestvo-s-ogranichennoj-otvetstvennostyu-kapstroj/
83691,"ООО ""КАРТБЭЙ""",7718832047,legal_entity_ru,,,[],5107746066379,28.12.2010,"г. Москва, вн.тер. г. Муниципальный округ Басманный, пер. 4-Й Сыромятнический, д. 3, стр. 5",[],,https://companies.rbc.ru/id/5107746066379-obschestvo-s-ogranichennoj-otvetstvennostyu-kartbej/
16105,"ООО ""КАСКАД""",7727835943,legal_entity_ru,Балакина Татьяна Валерьевна,Генеральный Директор,[],1147746609207,30.05.2014,"г. Москва, вн.тер.г. Муниципальный округ Черемушки, ул. Зюзинская, д. 6, к. 2, помещ. 1б",[],,https://companies.rbc.ru/id/1147746609207-ooo-kaskad/
250111352,"ООО ""КАСКАД""",7727835943,legal_entity_ru,Балакина Татьяна Валерьевна,Генеральный Директор,[],1147746609207,30.05.2014,"г. Москва, вн.тер.г. Муниципальный округ Черемушки, ул. Зюзинская, д. 6, к. 2, помещ. 1б",[],,https://companies.rbc.ru/id/1147746609207-ooo-kaskad/
1177942,"ООО ""КАСКОСМО""",,legal_entity_ru,Шитов Дмитрий Александрович,Генеральный Директор,"[{""name"": ""Общество с ограниченной ответственностью Группа Компаний «Сладкая Жизнь»"", ""inn"": ""5260487561""}]",1055233034845,07.02.2005,"обл. Нижегородская, г. Нижний Новгород, ул. Героя Попова, д. 43в, офис 4",[],,https://companies.rbc.ru/id/1055233034845-gk-sladkaya-zhizn/
4409349,"ООО ""КБ АТЛ""",7743459220,legal_entity_ru,Козодаев Святослав Игоревич,Генеральный Директор,[],1247700699949,23.10.2024,"г. Москва, вн.тер. г. Муниципальный округ Сокол, ш. Волоколамское, д. 2, помещ. 1/1",[],,https://companies.rbc.ru/id/1247700699949-ooo-kb-atl/
4049171,"ООО ""КИБЕР ЭНЕРДЖИ""",9713004004,legal_entity_ru,Якунин Сергей Сергеевич,Генеральный Директор,[],1237700690864,13.10.2023,"г. Москва, вн.тер. г. Муниципальный округ Коммунарка, п. Завода Мосрентген, д. 33, кв. 30",[],,https://companies.rbc.ru/id/1237700690864-ooo-ooo-kiber-enerdzhi/
1316357,"ООО ""КОДЖИ КЕА""",9727026199,legal_entity_ru,Асланидис Арианна Ираклиевна,Генеральный Директор,[],1237700127961,15.02.2023,"г. Москва, вн.тер.г. Муниципальный округ Коньково, ул. Бутлерова, д. 17, помещ. 250в/5а",[],,https://companies.rbc.ru/id/1237700127961-obschestvo-s-ogranichennoj-otvetstvennostyu-kodzhi-kea/
4272311,"ООО ""КОЛОС-ЮГ""",6154167850,legal_entity_ru,Демина Юлия Андреевна,Генеральный Директор,[],1246100019010,30.07.2024,"обл. Ростовская, г.о. город Таганрог, г. Таганрог, ул. Котлостроительная, д. 37, к. 19, офис 49",[],,https://companies.rbc.ru/id/1246100019010-ooo-kolos-yug/
250069159,"ООО ""КОМПАНИЯ ""СТАЛЬКРЕПЕЖ""",5029245387,legal_entity_ru,Ситников Игорь Юрьевич,Генеральный Директор,[],1195081037150,30.05.2019,"обл. Московская, г. Мытищи, ул. Мира, д. 38, помещ. 1",[],,https://companies.rbc.ru/id/1195081037150-obschestvo-s-ogranichennoj-otvetstvennostyu-kompaniya-stalkrepezh/
10826,"ООО ""КОТТОН КЛАБ""",7720676268,legal_entity_ru,Ренев Дмитрий Станиславович,Генеральный Директор,[],1107746031634,25.01.2010,"обл. Московская, г.о. Балашиха, д. Соболиха, пер. 1-й Липовый, д. 4",[],,https://companies.rbc.ru/id/1107746031634-ooo-obschestvo-s-ogranichennoj-otvetstvennostyu-kotton-klab/
139058,"ООО ""КС ТРЕЙДИНГ""",9703025333,legal_entity_ru,Кумсавуран Серджан,Генеральный Директор,[],1217700022814,26.01.2021,"г. Москва, вн.тер.г. Муниципальный округ Таганский, ул. Марксистская, д. 34, к. 7, помещ. 2/6",[],,https://companies.rbc.ru/id/1217700022814-obschestvo-s-ogranichennoj-otvetstvennostyu-ks-trejding/
250021796,"ООО ""КоммерсПро""",,legal_entity_ru,Шитов Дмитрий Александрович,Генеральный Директор,"[{""name"": ""Общество с ограниченной ответственностью Группа Компаний «Сладкая Жизнь»"", ""inn"": ""5260487561""}]",1055233034845,07.02.2005,"обл. Нижегородская, г. Нижний Новгород, ул. Героя Попова, д. 43в, офис 4",[],,https://companies.rbc.ru/id/1055233034845-gk-sladkaya-zhizn/
250033724,"ООО ""ЛЕГИОН""",2223642887,legal_entity_ru,Исмаилова Эльмира Валяддиновна,Директор,[],1232200014496,18.08.2023,"край Алтайский, г. Барнаул, ул. Малахова, зд. 1е, офис 6",[],,https://companies.rbc.ru/id/1232200014496-ooo-ooo-legion/
868674,"ООО ""ЛЕКРА""",5024186018,legal_entity_ru,Колесникова Людмила Вячеславовна,Генеральный Директор,[],1185053013419,15.06.2018,"обл. Московская, г. Красногорск, пер. Железнодорожный, д. 7, помещ. 6",[],,https://companies.rbc.ru/id/1185053013419-ooo-lekra/
54839,"ООО ""Левенгук""",7727728250,legal_entity_ru,Епифанов Антон Валерьевич,Генеральный Директор,"[{""name"": ""Публичное акционерное общество «Левенгук»"", ""inn"": ""7839462305""}]",1107746758888,16.09.2010,"г. Москва, вн.тер.г. муниципальный округ Бабушкинский, ул. Искры, д. 31, к. 1, пом II ком 7а",[],,https://companies.rbc.ru/id/1107746758888-ooo-levenguk/
188251,"ООО ""М-КРАСКИ""",3662277183,legal_entity_ru,Стрекалина Екатерина Олеговна,Генеральный Директор,[],1193668026529,11.07.2019,"обл. Воронежская, г. Воронеж, пр-кт Революции, д. 1/1, офис 5",[],,https://companies.rbc.ru/id/1193668026529-obschestvo-s-ogranichennoj-otvetstvennostyu-territoriya/
250159951,"ООО ""МА ЛЯНТАЙХУН""",7751392026,legal_entity_ru,Сюй Ян,Генеральный Директор,[],1267700195245,08.06.2026,"г. Москва, Филимонковский, Марьино д., ул. Жемчужная, д. 1, к. 11, помещ. 35К",[],,https://companies.rbc.ru/id/1267700195245-ooo-ma-lyantajhun/
545104,"ООО ""МАКСИМ""",2619013802,legal_entity_ru,Холодов Александр Александрович,Директор,[],1182651017119,06.09.2018,"край Ставропольский, г. Зеленокумск, ул. Кочубея, д. 34, офис 1",[],,https://companies.rbc.ru/id/1182651017119-ooo-maksim/
92351,"ООО ""МАРКЕТСПЕЙС""",7720647362,legal_entity_ru,Ефимов Вадим Иванович,Генеральный Директор,[],1207700367874,05.10.2020,"обл. Смоленская, г. Смоленск, ул. Краснинская 2-Я, д. 7/1, помещ. 16",[],,https://companies.rbc.ru/id/1207700367874-obschestvo-s-ogranichennoj-otvetstvennostyu-marketspejs/
311840,"ООО ""МАРНИКС""",7729773266,legal_entity_ru,Малков Алексей Ильич,Генеральный Директор,[],1147746609889,30.05.2014,"г. Москва, вн.тер.г. Муниципальный округ Ростокино, ул. Малахитовая, влд. 27, стр. 1",[],,https://companies.rbc.ru/id/1147746609889-ooo-obschestvo-s-ogranichennoj-otvetstvennostyu-promteh/
250031111,"ООО ""МАРНИКС""",7729773266,legal_entity_ru,Малков Алексей Ильич,Генеральный Директор,[],1147746609889,30.05.2014,"г. Москва, вн.тер.г. Муниципальный округ Ростокино, ул. Малахитовая, влд. 27, стр. 1",[],,https://companies.rbc.ru/id/1147746609889-ooo-obschestvo-s-ogranichennoj-otvetstvennostyu-promteh/
546618,"ООО ""МАСТЕР КЛЯЙН""",1649011310,legal_entity_ru,Куркина Светлана Семеновна,Генеральный Директор,[],1051608002786,18.02.2005,"респ. Татарстан, г. Бугульма, ул. Нефтяников, зд. 17, офис 6",[],,https://companies.rbc.ru/id/1051608002786-ooo-master-klyajn/
4350438,"ООО ""МВК-ТЕКС""",9726089291,legal_entity_ru,Кузнецов Дмитрий Сергеевич,Генеральный Директор,[],1247700777631,02.12.2024,"г. Москва, вн.тер. г. Муниципальный округ Нагорный, пр-д Электролитный, д. 1б",[],,https://companies.rbc.ru/id/1247700777631-ooo-mvk-teks/
250060333,"ООО ""МЕГА""",2632125985,legal_entity_ru,Адамова Наталья Станиславовна,Генеральный Директор,[],1252600005712,29.04.2025,"край Ставропольский, г.о. Город-Курорт Пятигорск, г. Пятигорск, ул. им.С.Г. Иглина, д. 1",[],,https://companies.rbc.ru/id/1252600005712-ooo-mega/
4097646,"ООО ""МЕДИЦИНСКИЕ РАСХОДНИКИ""",5032378644,legal_entity_ru,Магрупов Байрам Чарыкулыевич,Генеральный Директор,[],1245000049238,16.04.2024,"обл. Московская, г.о. Одинцовский, д. Солманово, ул. Триумфальная, д. 20, кв. 1",[],,https://companies.rbc.ru/id/1245000049238-ooo-meditsinskie-rashodniki/
235103,"ООО ""МЕДЛИДЕР""",7806259259,legal_entity_ru,Травкина Светлана Владимировна,Генеральный Директор,[],1167847497410,26.12.2016,"г. Санкт-Петербург, вн.тер.г. муниципальный округ Большая Охта, ул. Дегтярёва, д. 4, литера А, офис 526",[],,https://companies.rbc.ru/id/1167847497410-ooo-medlider/
1337779,"ООО ""МЕДСНАБ""",5907033293,legal_entity_ru,Некрасова Наталия Викторовна,Директор,[],1075907001026,02.05.2007,"край Пермский, г.о. Пермский, г. Пермь, ул. Репина, д. 103, этаж 2, офис 2",[],,https://companies.rbc.ru/id/1075907001026-ooo-medsnab/
1195394,"ООО ""МИЛЛЕНИУМ""",5003154689,legal_entity_ru,Адиньяев Данай Самсонович,Генеральный Директор,[],1225000144346,20.12.2022,"обл. Московская, г.о. Ленинский, п. Битца, км 21-Й, д. 26, помещ. Ад-17а",[],,https://companies.rbc.ru/id/1225000144346-obschestvo-s-ogranichennoj-otvetstvennostyu-millenium/
83455,"ООО ""МИЛОПЕТС""",7328106755,legal_entity_ru,,,[],1207300010675,31.08.2020,"обл. Курганская, г. Курган, ул. Карельцева, д. 105, помещ. 24",[],,https://companies.rbc.ru/id/1207300010675-obschestvo-s-ogranichennoj-otvetstvennostyu-milopets/
4130230,"ООО ""МИР ГИГИЕНЫ""",9722075996,legal_entity_ru,Гиёсов Достон Рахмон Угли,Генеральный Директор,[],1247700342878,25.04.2024,"г. Москва, вн.тер.г. Муниципальный округ Лефортово, ул. Авиамоторная, д. 50, стр. 2, помещ. 29/2",[],,https://companies.rbc.ru/id/1247700342878-ooo-mir-gigienyi/
4161463,"ООО ""МИРОВОЙ КОРАБЛЬ""",9723229180,legal_entity_ru,Ноосан Олонбат,Генеральный Директор,[],1247700319437,15.04.2024,"г. Москва, вн.тер. г. Муниципальный округ Марьино, ул. Люблинская, д. 151",[],,https://companies.rbc.ru/id/1247700319437-ooo-mirovoj-korabl/
4402187,"ООО ""МИТЕХНИКС""",7810354025,legal_entity_ru,Довгайло Андрей Игоревич,Генеральный Директор,[],1247800128091,24.12.2024,"г. Санкт-Петербург, вн.тер. г. Муниципальный округ Московская Застава, ул. Ломаная, д. 6, лит А, помещ. 4-Н, офис 5",[],,https://companies.rbc.ru/id/1247800128091-ooo-mitehniks/
4217364,"ООО ""МПГОЛД""",,legal_entity_ru,Шитов Дмитрий Александрович,Генеральный Директор,"[{""name"": ""Общество с ограниченной ответственностью Группа Компаний «Сладкая Жизнь»"", ""inn"": ""5260487561""}]",1055233034845,07.02.2005,"обл. Нижегородская, г. Нижний Новгород, ул. Героя Попова, д. 43в, офис 4",[],,https://companies.rbc.ru/id/1055233034845-gk-sladkaya-zhizn/
3958468,"ООО ""МПЛУТ""",9713005738,legal_entity_ru,Безменов Александр Сергеевич,Генеральный Директор,[],1237700820862,27.11.2023,"г. Москва, вн.тер. г. Муниципальный округ Академический, ул. Ивана Бабушкина, д. 18, к. 2, помещ. 2п",[],,https://companies.rbc.ru/id/1237700820862-ooo-ooo-mplut/
4146228,"ООО ""Мар Юдж Групп""",,legal_entity_ru,Шитов Дмитрий Александрович,Генеральный Директор,"[{""name"": ""Общество с ограниченной ответственностью Группа Компаний «Сладкая Жизнь»"", ""inn"": ""5260487561""}]",1055233034845,07.02.2005,"обл. Нижегородская, г. Нижний Новгород, ул. Героя Попова, д. 43в, офис 4",[],,https://companies.rbc.ru/id/1055233034845-gk-sladkaya-zhizn/
542920,"ООО ""Медпростор""",,legal_entity_ru,Шитов Дмитрий Александрович,Генеральный Директор,"[{""name"": ""Общество с ограниченной ответственностью Группа Компаний «Сладкая Жизнь»"", ""inn"": ""5260487561""}]",1055233034845,07.02.2005,"обл. Нижегородская, г. Нижний Новгород, ул. Героя Попова, д. 43в, офис 4",[],,https://companies.rbc.ru/id/1055233034845-gk-sladkaya-zhizn/
3959136,"ООО ""Миконойл""",,legal_entity_ru,Шитов Дмитрий Александрович,Генеральный Директор,"[{""name"": ""Общество с ограниченной ответственностью Группа Компаний «Сладкая Жизнь»"", ""inn"": ""5260487561""}]",1055233034845,07.02.2005,"обл. Нижегородская, г. Нижний Новгород, ул. Героя Попова, д. 43в, офис 4",[],,https://companies.rbc.ru/id/1055233034845-gk-sladkaya-zhizn/
1308584,"ООО ""Мульти ОЕМ""",,legal_entity_ru,Шитов Дмитрий Александрович,Генеральный Директор,"[{""name"": ""Общество с ограниченной ответственностью Группа Компаний «Сладкая Жизнь»"", ""inn"": ""5260487561""}]",1055233034845,07.02.2005,"обл. Нижегородская, г. Нижний Новгород, ул. Героя Попова, д. 43в, офис 4",[],,https://companies.rbc.ru/id/1055233034845-gk-sladkaya-zhizn/
250011415,"ООО ""НАКОМОНИ""",6166130421,legal_entity_ru,Омельчук Надежда Сергеевна,Генеральный Директор,[],1246100009231,08.04.2024,"обл. Ростовская, г. Ростов-На-Дону, ул. 2-Я Грамши, д. 178/1, кв. 11",[],,https://companies.rbc.ru/id/1246100009231-ooo-nakomoni/
1371645,"ООО ""НИКСАН ГРУПП""",,legal_entity_ru,Шитов Дмитрий Александрович,Генеральный Директор,"[{""name"": ""Общество с ограниченной ответственностью Группа Компаний «Сладкая Жизнь»"", ""inn"": ""5260487561""}]",1055233034845,07.02.2005,"обл. Нижегородская, г. Нижний Новгород, ул. Героя Попова, д. 43в, офис 4",[],,https://companies.rbc.ru/id/1055233034845-gk-sladkaya-zhizn/
56236,"ООО ""НК ДЖАКС""",7714415483,legal_entity_ru,Котляров Сергей Иванович,Генеральный Директор,[],5177746008204,28.09.2017,"г. Москва, вн.тер.г. Муниципальный округ Пресненский, пр-д 1-Й Красногвардейский, д. 22, стр. 2, помещ. 656",[],,https://companies.rbc.ru/id/5177746008204-ooo-nk-dzhaks/
1328470,"ООО ""НОВА ЭЛЕКТРОНИКС РУС""",1831197615,legal_entity_ru,Алексеев Роман Евгеньевич,Генеральный Директор,[],1201800003261,17.02.2020,"респ. Удмуртская, г. Ижевск, ул. Максима Горького, д. 155, офис 17",[],,https://companies.rbc.ru/id/1201800003261-obschestvo-s-ogranichennoj-otvetstvennostyu-nova-elektroniks-rus/
250041051,"ООО ""Наш Двор""",6672273916,legal_entity_ru,Дмитрошкин Алексей Алексеевич,Директор,[],1086672016628,30.06.2008,"обл. Свердловская, г. Екатеринбург, ул. Народной Воли, стр. 19а, офис 619",[],,https://companies.rbc.ru/id/1086672016628-ooo-nash-dvor/
204172,"ООО ""Нефтехиминвест""",0277067076,legal_entity_ru,Султангужин Искандер Хамитьянович,Директор,[],1050204434213,28.01.2005,"респ. Удмуртская, м.о. Камбарский Район, г. Камбарка, ул. Свердлова, д. 45",[],,https://companies.rbc.ru/id/1050204434213-ooo-neftehiminvest/
47941,"ООО ""Новые технологии""",4401141172,legal_entity_ru,Радаев Александр Сергеевич,Генеральный Директор,[],1134401002669,15.03.2013,"обл. Костромская, г. Кострома, ул. Калиновская, д. 40, помещ. 1, ком. 23",[],,https://companies.rbc.ru/id/1134401002669-ooo-obschestvo-s-ogranichennoj-otvetstvennostyu-novyie-tehnologii/
311970,"ООО ""Норд""",7733699079,legal_entity_ru,Емельяненко Кирилл Михайлович,Генеральный Директор,[],1097746256772,28.04.2009,"г. Москва, вн.тер.г. муниципальный округ Дорогомилово, ул. Киевская, д. 24, этаж 1 помещение VI",[],,https://companies.rbc.ru/id/1097746256772-ooo-obschestvo-s-ogranichennoj-otvetstvennostyu-nord/
1311853,"ООО ""ОКБ ""РАКИТА""",2309147281,legal_entity_ru,Петросян Сергей Арамович,Генеральный Директор,[],1152309003329,07.09.2015,"край Краснодарский, г. Краснодар, ул. Старокубанская, д. 2, Кабинет 19",[],,https://companies.rbc.ru/id/1152309003329-ooo-opyitno-konstruktorskoe-byuro-rakita/
82591,"ООО ""ОМНИ СЕЙЛ""",5010053410,legal_entity_ru,Махомет Сергей Анатольевич,Генеральный Директор,"[{""name"": ""Общество с ограниченной ответственностью «Опен Компьютер Солюшнз»"", ""inn"": ""503227330683""}]",1175007007757,07.06.2017,"обл. Московская, г. Дубна, ул. Флерова, д. 11, офис 76",[],,https://companies.rbc.ru/id/1175007007757-ooo-omni-sejl/
250000421,"ООО ""ОМНИ СЕЙЛ""",5010053410,legal_entity_ru,Махомет Сергей Анатольевич,Генеральный Директор,"[{""name"": ""Общество с ограниченной ответственностью «Опен Компьютер Солюшнз»"", ""inn"": ""503227330683""}]",1175007007757,07.06.2017,"обл. Московская, г. Дубна, ул. Флерова, д. 11, офис 76",[],,https://companies.rbc.ru/id/1175007007757-ooo-omni-sejl/
4215844,"ООО ""ОПТ ПРИМОРЬЕ""",2543144859,legal_entity_ru,Костычев Валерий Александрович,Генеральный Директор,[],1192536035735,20.11.2019,"край Приморский, г.о. Владивостокский, г. Владивосток, ул. Выселковая, д. 48, этаж 2, офис 24",[],,https://companies.rbc.ru/id/1192536035735-obschestvo-s-ogranichennoj-otvetstvennostyu-opt-primore/
766168,"ООО ""ОПТИКО""",1650412564,legal_entity_ru,Миннеханов Расим Мансурович,Директор,[],1221600029298,19.04.2022,"респ. Татарстан (Татарстан), г. Набережные Челны, пр-кт в.Фоменко, д. 52, кв. 97",[],,https://companies.rbc.ru/id/1221600029298-ooo-optiko/
250000402,"ООО ""ОФИЦИАЛЬНЫЙ МАГАЗИН""",7805582837,legal_entity_ru,,,[],1127847145557,23.03.2012,"г. Санкт-Петербург, вн.тер.г. Муниципальный округ Пулковский Меридиан, ул. Шереметьевская, д. 13, литера А, помещ. 11-Н",[],,https://companies.rbc.ru/id/1127847145557-ooo-obschestvo-s-ogranichennoj-otvetstvennostyu-belimpeks/
72728,"ООО ""ОнЛайн Трейд""",7735092378,legal_entity_ru,Посеуков Сергей Витальевич,Генеральный Директор,[],1027700458543,29.09.1998,"г. Москва, вн.тер.г. муниципальный округ Щукино, ул. Щукинская, д. 2, этаж 3 помещение 50",[],,https://companies.rbc.ru/id/1027700458543-ooo-onlajn-trejd/
4423140,"ООО ""Онтэкс РУ""",5044046964,legal_entity_ru,Чулков Евгений Викторович,Генеральный Директор,[],1055008702649,01.03.2005,"г. Москва, вн.тер.г. муниципальный округ Басманный, ул. Земляной Вал, д. 9, эт/пом/ком 10/I/3",[],,https://companies.rbc.ru/id/1055008702649-ooo-obschestvo-s-ogranichennoj-otvetstvennostyu-onteks-ru/
250024277,"ООО ""Оттон текстиль""",,legal_entity_ru,Шитов Дмитрий Александрович,Генеральный Директор,"[{""name"": ""Общество с ограниченной ответственностью Группа Компаний «Сладкая Жизнь»"", ""inn"": ""5260487561""}]",1055233034845,07.02.2005,"обл. Нижегородская, г. Нижний Новгород, ул. Героя Попова, д. 43в, офис 4",[],,https://companies.rbc.ru/id/1055233034845-gk-sladkaya-zhizn/
686195,"ООО ""ПАЛОМА СЕРВИС""",,legal_entity_ru,Шитов Дмитрий Александрович,Генеральный Директор,"[{""name"": ""Общество с ограниченной ответственностью Группа Компаний «Сладкая Жизнь»"", ""inn"": ""5260487561""}]",1055233034845,07.02.2005,"обл. Нижегородская, г. Нижний Новгород, ул. Героя Попова, д. 43в, офис 4",[],,https://companies.rbc.ru/id/1055233034845-gk-sladkaya-zhizn/
39240,"ООО ""ПАРФЮМСТАНДАРТ""",,legal_entity_ru,Шитов Дмитрий Александрович,Генеральный Директор,"[{""name"": ""Общество с ограниченной ответственностью Группа Компаний «Сладкая Жизнь»"", ""inn"": ""5260487561""}]",1055233034845,07.02.2005,"обл. Нижегородская, г. Нижний Новгород, ул. Героя Попова, д. 43в, офис 4",[],,https://companies.rbc.ru/id/1055233034845-gk-sladkaya-zhizn/
56725,"ООО ""ПЛАНЕТА ИНСТРУМЕНТА""",5903144108,legal_entity_ru,Лепехин Виталий Геннадьевич,Директор,[],1195958041047,13.12.2019,"край Пермский, г. Пермь, ул. Дзержинского, д. 17, офис 226",[],,https://companies.rbc.ru/id/1195958041047-obschestvo-s-ogranichennoj-otvetstvennostyu-planeta-instrumenta/
76011,"ООО ""ПОИНТЕР""",7841082477,legal_entity_ru,Жилкин Никита Вячеславович,Генеральный Директор,[],1197847073115,27.03.2019,"г. Санкт-Петербург, вн.тер.г. Муниципальный округ Екатерингофский, ул. Курляндская, д. 28, литера в, помещ. 54-Н, ком. 106",[],,https://companies.rbc.ru/id/1197847073115-obschestvo-s-ogranichennoj-otvetstvennostyu-pointer/
4107935,"ООО ""ПОХОДНАЯ ЖИЗНЬ""",9723229208,legal_entity_ru,Сюй Линчжэ,Генеральный Директор,[],1247700319536,15.04.2024,"г. Москва, вн.тер. г. Муниципальный округ Марьино, ул. Люблинская, д. 151",[],,https://companies.rbc.ru/id/1247700319536-ooo-pohodnaya-zhizn/
179696,"ООО ""ПРОСЕРВИС""",7724490916,legal_entity_ru,Грудин Михаил Аркадьевич,Генеральный Директор,[],1197746630036,24.10.2019,"г. Москва, вн.тер.г. Муниципальный округ Печатники, пр-кт Волгоградский, д. 42, к. 23",[],,https://companies.rbc.ru/id/1197746630036-obschestvo-s-ogranichennoj-otvetstvennostyu-biletagent/
1265633,"ООО ""ПРОСТО ЗДОРОВО""",0100002876,legal_entity_ru,Богданов Иван Григорьевич,Директор,[],1220100002352,23.09.2022,"респ. Адыгея (Адыгея), г. Адыгейск, ул. Коммунистическая, д. 12/2",[],,https://companies.rbc.ru/id/1220100002352-ooo-prosto-zdorovo/
57041,"ООО ""Палитра""",6915012732,legal_entity_ru,Черепнов Александр Игоревич,Генеральный Директор,[],1106915000224,07.04.2010,"обл. Тверская, г. Торжок, ш. Калининское, д. 12г, помещ. 1",[],,https://companies.rbc.ru/id/1106915000224-ooo-palitra/
250123037,"ООО ""Перспектива 2ВК""",,legal_entity_ru,Шитов Дмитрий Александрович,Генеральный Директор,"[{""name"": ""Общество с ограниченной ответственностью Группа Компаний «Сладкая Жизнь»"", ""inn"": ""5260487561""}]",1055233034845,07.02.2005,"обл. Нижегородская, г. Нижний Новгород, ул. Героя Попова, д. 43в, офис 4",[],,https://companies.rbc.ru/id/1055233034845-gk-sladkaya-zhizn/
731264,"ООО ""ПлейМаркет""",,legal_entity_ru,Шитов Дмитрий Александрович,Генеральный Директор,"[{""name"": ""Общество с ограниченной ответственностью Группа Компаний «Сладкая Жизнь»"", ""inn"": ""5260487561""}]",1055233034845,07.02.2005,"обл. Нижегородская, г. Нижний Новгород, ул. Героя Попова, д. 43в, офис 4",[],,https://companies.rbc.ru/id/1055233034845-gk-sladkaya-zhizn/
1717,"ООО ""Предприятие ""ФЭСТ""",4442016903,legal_entity_ru,Касаткина Эльвира Владимировна,Директор,[],1024400513708,09.10.1998,"обл. Костромская, г. Кострома, пр-кт Рабочий, д. 8",[],,https://companies.rbc.ru/id/1024400513708-ooo-predpriyatie-fest/
4093187,"ООО ""Проинструмент Инвест""",,legal_entity_ru,Шитов Дмитрий Александрович,Генеральный Директор,"[{""name"": ""Общество с ограниченной ответственностью Группа Компаний «Сладкая Жизнь»"", ""inn"": ""5260487561""}]",1055233034845,07.02.2005,"обл. Нижегородская, г. Нижний Новгород, ул. Героя Попова, д. 43в, офис 4",[],,https://companies.rbc.ru/id/1055233034845-gk-sladkaya-zhizn/
133891,"ООО ""Промедик""",7725810446,legal_entity_ru,Ибятова Любовь Васильевна,Генеральный Директор,[],5137746124698,26.11.2013,"г. Москва, вн.тер.г. муниципальный округ Даниловский, ул. Восточная, д. 13",[],,https://companies.rbc.ru/id/5137746124698-ooo-promedik/
3972836,"ООО ""Профикс плюс""",,legal_entity_ru,Шитов Дмитрий Александрович,Генеральный Директор,"[{""name"": ""Общество с ограниченной ответственностью Группа Компаний «Сладкая Жизнь»"", ""inn"": ""5260487561""}]",1055233034845,07.02.2005,"обл. Нижегородская, г. Нижний Новгород, ул. Героя Попова, д. 43в, офис 4",[],,https://companies.rbc.ru/id/1055233034845-gk-sladkaya-zhizn/
1197353,"ООО ""Пуми-С""",,legal_entity_ru,Шитов Дмитрий Александрович,Генеральный Директор,"[{""name"": ""Общество с ограниченной ответственностью Группа Компаний «Сладкая Жизнь»"", ""inn"": ""5260487561""}]",1055233034845,07.02.2005,"обл. Нижегородская, г. Нижний Новгород, ул. Героя Попова, д. 43в, офис 4",[],,https://companies.rbc.ru/id/1055233034845-gk-sladkaya-zhizn/
60664,"ООО ""РАЗУМНЫЙ ВЫБОР""",7726389213,legal_entity_ru,Сахаров Дмитрий Павлович,Генеральный Директор,[],5167746232110,19.10.2016,"г. Москва, вн.тер.г. Муниципальный округ Нагорный, пр-д Электролитный, д. 3б, стр. 6, помещ. III, ком. 5",[],,https://companies.rbc.ru/id/5167746232110-ooo-razumnyij-vyibor/
250013758,"ООО ""РАСПРОДАЖА""",7802965126,legal_entity_ru,Шатило Олег Александрович,Генеральный Директор,[],1257800048660,29.05.2025,"г. Санкт-Петербург, вн.тер. г. Муниципальный округ Сампсониевское, пр-кт Большой Сампсониевский, д. 72, лит Б, помещ. 5-Н, офис 5",[],,https://companies.rbc.ru/id/1257800048660-ooo-rasprodazha/
1392024,"ООО ""РЕНТЮГСТРОЙ""",2311289004,legal_entity_ru,Сазонов Андрей Викторович,Генеральный Директор,[],1192375038844,27.05.2019,"край Краснодарский, г. Краснодар, ул. им. Евдокии Бершанской, д. 353/5, помещ. 1",[],,https://companies.rbc.ru/id/1192375038844-obschestvo-s-ogranichennoj-otvetstvennostyu-rentyugstroj/
4091370,"ООО ""РМ-Плюс""",,legal_entity_ru,Шитов Дмитрий Александрович,Генеральный Директор,"[{""name"": ""Общество с ограниченной ответственностью Группа Компаний «Сладкая Жизнь»"", ""inn"": ""5260487561""}]",1055233034845,07.02.2005,"обл. Нижегородская, г. Нижний Новгород, ул. Героя Попова, д. 43в, офис 4",[],,https://companies.rbc.ru/id/1055233034845-gk-sladkaya-zhizn/
327376,"ООО ""РПК""",6684033556,legal_entity_ru,Адиатуллина Эльвира Рафиковна,Директор,[],1196658005037,28.01.2019,"Свердловская обл., г. Первоуральск, ул. Строителей, дом 12, кв. 52",[],,https://companies.rbc.ru/id/1196658005037-obschestvo-s-ogranichennoj-otvetstvennostyu-ruspetrokem/
4420640,"ООО ""РЭДРЕЙ""",9719073710,legal_entity_ru,Харчамадзе Гела Гелаевич,Генеральный Директор,[],1247700725535,06.11.2024,"г. Москва, вн.тер. г. Муниципальный округ Соколиная Гора, пер. Медовый, д. 8, помещ. 1п",[],,https://companies.rbc.ru/id/1247700725535-ooo-redrej/
250043629,"ООО ""Рекламная компания""Позитив""",2462211458,legal_entity_ru,Бердинских Елена Александровна,Директор,[],1102468014197,25.03.2010,"край Красноярский, г. Красноярск, ул. Тамбовская, д. 23а, кв. 313,320",[],,https://companies.rbc.ru/id/1102468014197-ooo-reklamnaya-kompaniya-pozitiv/
1283055,"ООО ""Ресамент""",,legal_entity_ru,Шитов Дмитрий Александрович,Генеральный Директор,"[{""name"": ""Общество с ограниченной ответственностью Группа Компаний «Сладкая Жизнь»"", ""inn"": ""5260487561""}]",1055233034845,07.02.2005,"обл. Нижегородская, г. Нижний Новгород, ул. Героя Попова, д. 43в, офис 4",[],,https://companies.rbc.ru/id/1055233034845-gk-sladkaya-zhizn/
640428,"ООО ""САНШАЙН""",7729604109,legal_entity_ru,Канцедал Владимир Владимирович,Генеральный Директор,[],1087746733040,09.06.2008,"г. Москва, вн.тер. г. Муниципальный округ Беговой, ул. Скаковая, д. 17, стр. 2, этаж 1, ком. 14",[],,https://companies.rbc.ru/id/1087746733040-ooo-sanshajn/
1373524,"ООО ""САТУРН""",2724241646,legal_entity_ru,Адысев Станислав Юрьевич,Директор,[],1202700014791,02.09.2020,"край Хабаровский, г. Хабаровск, ул. Иркутская, д. 6, офис 209",[],,https://companies.rbc.ru/id/1202700014791-obschestvo-s-ogranichennoj-otvetstvennostyu-saturn/
75966,"ООО ""СЕДРУС""",7709807968,legal_entity_ru,,,"[{""name"": ""Общество с ограниченной ответственностью «ГК Седрус»"", ""inn"": ""7743253283""}, {""name"": ""Общество с ограниченной ответственностью «Техальянс»"", ""inn"": ""9705105545""}]",5087746325960,30.10.2008,"г. Москва, вн.тер. г. муниципальный округ Сокол, ул. Зорге, д. 28, к. 1, эт/пом/ком 5/6/42",[],,https://companies.rbc.ru/id/5087746325960-ooo-sedrus/
1218445,"ООО ""СИБИРСКАЯ ШВЕЙНАЯ ФАБРИКА №1""",2465349510,legal_entity_ru,Ермолаев Дмитрий Сергеевич,Директор,[],1222400023702,28.09.2022,"край Красноярский, г. Красноярск, ул. 60 Лет Октября, зд. 121а/1, помещ. 1",[],,https://companies.rbc.ru/id/1222400023702-ooo-hors/
113652,"ООО ""СИМАГЛОБАЛ""",6679080470,legal_entity_ru,Обоскалов Константин Владиславович,Генеральный Директор,[],1156658079159,23.10.2015,"обл. Свердловская, г. Екатеринбург, ул. Черняховского, д. 86, офис 21",[],,https://companies.rbc.ru/id/1156658079159-ooo-simaglobal/
57423,"ООО ""СКАЙТЕКС""",3702226420,legal_entity_ru,Терехов Никита Геннадьевич,Генеральный Директор,[],1193702019048,23.09.2019,"обл. Ивановская, г. Иваново, ул. Спартака, д. 13, помещ. 40",[],,https://companies.rbc.ru/id/1193702019048-obschestvo-s-ogranichennoj-otvetstvennostyu-skajteks/
447094,"ООО ""СОНКЕЙ""",1655444739,legal_entity_ru,Фатеев Ильяс Геннадьевич,Генеральный Директор,"[{""name"": ""Общество с ограниченной ответственностью «Транспортные Технологии»"", ""inn"": ""667414075449""}]",1201600072541,13.10.2020,"респ. Татарстан (Татарстан), г. Казань, ул. Профсоюзная, д. 42, помещ. 17,17а",[],,https://companies.rbc.ru/id/1201600072541-obschestvo-s-ogranichennoj-otvetstvennostyu-sonkej/
391760,"ООО ""СПОРТИВ""",,legal_entity_ru,Шитов Дмитрий Александрович,Генеральный Директор,"[{""name"": ""Общество с ограниченной ответственностью Группа Компаний «Сладкая Жизнь»"", ""inn"": ""5260487561""}]",1055233034845,07.02.2005,"обл. Нижегородская, г. Нижний Новгород, ул. Героя Попова, д. 43в, офис 4",[],,https://companies.rbc.ru/id/1055233034845-gk-sladkaya-zhizn/
4054604,"ООО ""СТРАНА ИНСТРУМЕНТОВ""",6700003752,legal_entity_ru,Ткачук Василий Сергеевич,Генеральный Директор,[],1236700011646,14.08.2023,"обл. Смоленская, г. Смоленск, ул. Николаева, д. 85, помещ. 14г",[],,https://companies.rbc.ru/id/1236700011646-ooo-ooo-strana-instrumentov/
1375300,"ООО ""СУРВ24""",7715429584,legal_entity_ru,Чвилев Дмитрий Геннадьевич,Генеральный Директор,[],1147746445945,22.04.2014,"г. Москва, вн.тер. г. Муниципальный округ Лианозово, ул. Угличская, д. 16",[],,https://companies.rbc.ru/id/1147746445945-ooo-obschestvo-s-ogranichennoj-otvetstvennostyu-surv24/
250002678,"ООО ""СЯОМИР""",7804713290,legal_entity_ru,Фокин Евгений Александрович,Генеральный Директор,[],1257800007464,30.01.2025,"г. Санкт-Петербург, вн.тер. г. Муниципальный округ Финляндский округ, ул. Минеральная, д. 23, лит А, помещ. 9-Н, офис 11",[],,https://companies.rbc.ru/id/1257800007464-ooo-syaomir/
3996782,"ООО ""Системы профессионального крепежа""",,legal_entity_ru,Шитов Дмитрий Александрович,Генеральный Директор,"[{""name"": ""Общество с ограниченной ответственностью Группа Компаний «Сладкая Жизнь»"", ""inn"": ""5260487561""}]",1055233034845,07.02.2005,"обл. Нижегородская, г. Нижний Новгород, ул. Героя Попова, д. 43в, офис 4",[],,https://companies.rbc.ru/id/1055233034845-gk-sladkaya-zhizn/
250103242,"ООО ""Солар Транс""",,legal_entity_ru,Шитов Дмитрий Александрович,Генеральный Директор,"[{""name"": ""Общество с ограниченной ответственностью Группа Компаний «Сладкая Жизнь»"", ""inn"": ""5260487561""}]",1055233034845,07.02.2005,"обл. Нижегородская, г. Нижний Новгород, ул. Героя Попова, д. 43в, офис 4",[],,https://companies.rbc.ru/id/1055233034845-gk-sladkaya-zhizn/
520072,"ООО ""Стрелец""",4702008390,legal_entity_ru,Вихорев Леонид Валентинович,Директор,[],1044700530280,04.03.2004,"обл. Костромская, г. Кострома, ул. Юбилейная, д. 28и, помещ. 25",[],,https://companies.rbc.ru/id/1044700530280-ooo-strelets/
250000536,"ООО ""ТД ВОСХОД""",7460029121,legal_entity_ru,Балакирева Наталья Алексеевна,Директор,[],1167456111503,29.08.2016,"обл. Челябинская, г.о. Челябинский, г. Челябинск, ул. Павелецкая 2-Я, д. 22, стр. 5, офис 1",[],,https://companies.rbc.ru/id/1167456111503-ooo-td-voshod/
3981150,"ООО ""ТДК""",7751257348,legal_entity_ru,Шигаев Владимир Сергеевич,Директор,[],1237700398100,07.06.2023,"г. Москва, вн.тер. г. Муниципальный округ Лефортово, ул. Золоторожский Вал, д. 11, стр. 22, помещ. 122",[],,https://companies.rbc.ru/id/1237700398100-ooo-tdk/
1181532,"ООО ""ТЕРРИТОРИЯ МОДЫ""",6317160942,legal_entity_ru,Сылка Виталий Владимирович,Директор,[],1226300037732,30.08.2022,"обл. Самарская, г. Самара, ул. Алексея Толстого, д. 100, помещ. 28",[],,https://companies.rbc.ru/id/1226300037732-obschestvo-s-ogranichennoj-otvetstvennostyu-territoriya-modyi/
250032381,"ООО ""ТЕХМАРКЕТ""",9723257389,legal_entity_ru,Маколова Ольга Николаевна,Генеральный Директор,"[{""name"": ""Общество с ограниченной ответственностью «Проммаш»"", ""inn"": ""9718025424""}]",1257700334924,29.07.2025,"г. Москва, вн.тер. г. Муниципальный округ Люблино, пр-д Егорьевский, д. 3ж, стр. 6, помещ. 13/3",[],,https://companies.rbc.ru/id/1257700334924-ooo-tehmarket/
4075717,"ООО ""ТЕХМАШПРОМ""",6234157512,legal_entity_ru,Ковряков Павел Александрович,Директор,[],1166234062323,24.05.2016,"обл. Рязанская, г. Рязань, ул. Каширина, стр. 1г",[],,https://companies.rbc.ru/id/1166234062323-ooo-tehmashprom/
4348149,"ООО ""ТЕХНОКРИПТОНИТ""",7806624790,legal_entity_ru,Кузьмина Наталья Петровна,Генеральный Директор,[],1247800120116,03.12.2024,"г. Санкт-Петербург, вн.тер. г. Муниципальный округ Полюстрово, ул. Маршала Тухачевского, д. 22, лит А, помещ. 5-Н, офис 216",[],,https://companies.rbc.ru/id/1247800120116-ooo-tehnokriptonit/
255114,"ООО ""ТИАН групп""",,legal_entity_ru,Шитов Дмитрий Александрович,Генеральный Директор,"[{""name"": ""Общество с ограниченной ответственностью Группа Компаний «Сладкая Жизнь»"", ""inn"": ""5260487561""}]",1055233034845,07.02.2005,"обл. Нижегородская, г. Нижний Новгород, ул. Героя Попова, д. 43в, офис 4",[],,https://companies.rbc.ru/id/1055233034845-gk-sladkaya-zhizn/
4220208,"ООО ""ТОРГОВЫЙ ДОМ ""АЛЬФАПЛАСТИК""",5751063846,legal_entity_ru,Туленков Роман Николаевич,Генеральный Директор,[],1195749005913,18.09.2019,"обл. Орловская, г. Орёл, ш. Новосильское, д. 14",[],,https://companies.rbc.ru/id/1195749005913-obschestvo-s-ogranichennoj-otvetstvennostyu-torgovyij-dom-alfaplastik/
26000,"ООО ""ТПК ""УСПЕШНОЕ ДЕЛО""",7736253420,legal_entity_ru,Морозов Андрей Васильевич,Генеральный Директор,[],1157746884173,25.09.2015,"г. Москва, вн.тер.г. муниципальный округ Покровское-Стрешнево, ш. Волоколамское, д. 73, эт 4 пом I ком 90 офис 449",[],,https://companies.rbc.ru/id/1157746884173-ooo-torgovo-proizvodstvennaya-kompaniya-uspeshnoe-delo/
794062,"ООО ""ТРИЗА""",7751009641,legal_entity_ru,Авилов Вадим Владимирович,Генеральный Директор,[],1157746798318,31.08.2015,"респ. Калмыкия, г. Элиста, мкр. 6, д. 25, помещ./офис/рабочее место 1/31/2",[],,https://companies.rbc.ru/id/1157746798318-ooo-triza/
58278,"ООО ""ТРИС""",1645028426,legal_entity_ru,Булушев Тимур Шамильевич,Директор,[],1131689000321,19.02.2013,"респ. Татарстан, г. Бугульма, ул. Строительная, д. 10",[],,https://companies.rbc.ru/id/1131689000321-ooo-obschestvo-s-ogranichennoj-otvetstvennostyu-tehnologii-ratsionalnyih-industrialnyih-sistem/
145211,"ООО ""Тайди-Центр""",3662160330,legal_entity_ru,Астахова Алёна Альбертовна,Генеральный Директор,[],1103668042136,22.12.2010,"обл. Воронежская, г. Воронеж, ул. Минская, д. 16, офис 94",[],,https://companies.rbc.ru/id/1103668042136-ooo-tajdi-tsentr/
46035,"ООО ""Текстильная компания НИТЕКС""",7726288906,legal_entity_ru,Бакаев Олег Анатольевич,Генеральный Директор,[],1027739811395,19.07.1999,"г. Москва, вн.тер. г. Муниципальный округ Нагорный, ш. Варшавское, д. 46а, стр. 4",[],,https://companies.rbc.ru/id/1027739811395-ooo-tekstilnaya-kompaniya-niteks/
4401299,"ООО ""УРИ""",6671054534,legal_entity_ru,Волков Павел Сергеевич,Директор,[],1169658103515,09.09.2016,"обл. Свердловская, г. Екатеринбург, ул. Чистопольская, соор. 6, офис 810",[],,https://companies.rbc.ru/id/1169658103515-ooo-uralregioninstrument/
4483163,"ООО ""ФИНИСТ М""",9719073928,legal_entity_ru,Алякимов Евгений Владимирович,Генеральный Директор,[],1247700737294,12.11.2024,"г. Москва, вн.тер. г. Муниципальный округ Северное Измайлово, б-р Сиреневый, д. 73, к. 1, кв. 32",[],,https://companies.rbc.ru/id/1247700737294-ooo-finist-m/
557090,"ООО ""ФК ПУЛЬС""",5047045359,legal_entity_ru,Сиротин Михаил Викторович,Генеральный Директор,[],1025006172267,24.10.2001,"обл. Московская, г. Химки, ул. Ленинградская, д. 29, этаж 2, кабинет 98",[],,https://companies.rbc.ru/id/1025006172267-ooo-fk-puls/
72494,"ООО ""ФУДЭКС""",1650345283,legal_entity_ru,Рахимова Римма Эмильевна,Директор,[],1171690020700,06.03.2017,"Татарстан (Татарстан) респ., г. Казань, ул. Тополевая, дом 53, пом. 309",[],,https://companies.rbc.ru/id/1171690020700-ooo-fudeks/
250053130,"ООО ""Флореале""",,legal_entity_ru,Шитов Дмитрий Александрович,Генеральный Директор,"[{""name"": ""Общество с ограниченной ответственностью Группа Компаний «Сладкая Жизнь»"", ""inn"": ""5260487561""}]",1055233034845,07.02.2005,"обл. Нижегородская, г. Нижний Новгород, ул. Героя Попова, д. 43в, офис 4",[],,https://companies.rbc.ru/id/1055233034845-gk-sladkaya-zhizn/
4552500,"ООО ""ХАЙТЕК""",7708448963,legal_entity_ru,Хоу Мэньхай,Генеральный Директор,[],1257700137584,24.03.2025,"г. Москва, вн.тер. г. Муниципальный округ Красносельский, ул. Каланчевская, д. 32, помещ. 4/2п",[],,https://companies.rbc.ru/id/1257700137584-ooo-hajtek/
4074006,"ООО ""ХАУСХОЛД РУС""",5259156928,legal_entity_ru,Живулин Сергей Олегович,Директор,"[{""name"": ""Общество с ограниченной ответственностью «Вертекс»"", ""inn"": ""5258150049""}]",1245200005335,22.02.2024,"обл. Нижегородская, г. Нижний Новгород, ул. Маршала Казакова, д. 3а",[],,https://companies.rbc.ru/id/1245200005335-ooo-haushold-rus/
250000079,"ООО ""ХОЛОДИЛЬНИК.РУ""",7733510051,legal_entity_ru,Фомичев Дмитрий Викторович,Генеральный Директор,"[{""name"": ""Акционерное общество «Геланс Холдинг»"", ""inn"": ""5047303384""}]",1037739972533,17.11.2003,"обл. Московская, г.о. Раменский, с. Михайловская Слобода, ул. Промышленная, д. 1, стр. 1, этаж/пом. 1/105",[],,https://companies.rbc.ru/id/1037739972533-ooo-obschestvo-s-ogranichennoj-otvetstvennostyu-edil-import/
250000315,"ООО ""ХОЛОДИЛЬНИК.РУ""",7733510051,legal_entity_ru,Фомичев Дмитрий Викторович,Генеральный Директор,"[{""name"": ""Акционерное общество «Геланс Холдинг»"", ""inn"": ""5047303384""}]",1037739972533,17.11.2003,"обл. Московская, г.о. Раменский, с. Михайловская Слобода, ул. Промышленная, д. 1, стр. 1, этаж/пом. 1/105",[],,https://companies.rbc.ru/id/1037739972533-ooo-obschestvo-s-ogranichennoj-otvetstvennostyu-edil-import/
250000319,"ООО ""ХОЛОДИЛЬНИК.РУ""",7733510051,legal_entity_ru,Фомичев Дмитрий Викторович,Генеральный Директор,"[{""name"": ""Акционерное общество «Геланс Холдинг»"", ""inn"": ""5047303384""}]",1037739972533,17.11.2003,"обл. Московская, г.о. Раменский, с. Михайловская Слобода, ул. Промышленная, д. 1, стр. 1, этаж/пом. 1/105",[],,https://companies.rbc.ru/id/1037739972533-ooo-obschestvo-s-ogranichennoj-otvetstvennostyu-edil-import/
250009917,"ООО ""ХОЛОДИЛЬНИК.РУ""",7733510051,legal_entity_ru,Фомичев Дмитрий Викторович,Генеральный Директор,"[{""name"": ""Акционерное общество «Геланс Холдинг»"", ""inn"": ""5047303384""}]",1037739972533,17.11.2003,"обл. Московская, г.о. Раменский, с. Михайловская Слобода, ул. Промышленная, д. 1, стр. 1, этаж/пом. 1/105",[],,https://companies.rbc.ru/id/1037739972533-ooo-obschestvo-s-ogranichennoj-otvetstvennostyu-edil-import/
1066031,"ООО ""ХЭЛСКЕА СОЛЮШНС""",9718196300,legal_entity_ru,Владимиров Антон Алексеевич,Генеральный Директор,[],1227700391566,04.07.2022,"г. Москва, вн.тер. г. Муниципальный округ Басманный, пер. Денисовский, д. 26",[],,https://companies.rbc.ru/id/1227700391566-obschestvo-s-ogranichennoj-otvetstvennostyu-helskea-solyushns/
234286,"ООО ""Хобби-Парк""",,legal_entity_ru,Шитов Дмитрий Александрович,Генеральный Директор,"[{""name"": ""Общество с ограниченной ответственностью Группа Компаний «Сладкая Жизнь»"", ""inn"": ""5260487561""}]",1055233034845,07.02.2005,"обл. Нижегородская, г. Нижний Новгород, ул. Героя Попова, д. 43в, офис 4",[],,https://companies.rbc.ru/id/1055233034845-gk-sladkaya-zhizn/
725678,"ООО ""ХозТорг""",5243029191,legal_entity_ru,Кусакина Валентина Юрьевна,Директор,[],1115243000300,20.01.2011,"обл. Нижегородская, г. Арзамас, ул. Заготзерно, стр. 2",[],,https://companies.rbc.ru/id/1115243000300-ooo-hoztorg/
250103821,"ООО ""ЦИ ЧУАНЬВЭЙ ТРЕЙДИНГ""",7733479115,legal_entity_ru,Сюй Цзе,Генеральный Директор,[],1257700561689,16.12.2025,"г. Москва, вн.тер. г. муниципальный округ Покровское-Стрешнево, ш. Волоколамское, д. 71, к. 4, помещ. 70к",[],,https://companies.rbc.ru/id/1257700561689-ooo-tsi-chuanvej-trejding/
4318737,"ООО ""ЦИВИЛИСТ""",4401069335,legal_entity_ru,Алексеева Анна Андреевна,Генеральный Директор,[],1064401042001,27.10.2006,"обл. Костромская, г. Кострома, ул. Советская, д. 47, помещ. 11",[],,https://companies.rbc.ru/id/1064401042001-ooo-kospek-stroj/
870386,"ООО ""ЦИФРОВОЙ РИТЕЙЛ""",9722021567,legal_entity_ru,Ефимов Вадим Иванович,Генеральный Директор,[],1227700282468,18.05.2022,"г. Москва, вн.тер. г. Муниципальный округ Нижегородский, пр-д Остаповский, д. 5/1, стр. 3, помещ. 592",[],,https://companies.rbc.ru/id/1227700282468-ooo-tsifrovoj-ritejl/
4334511,"ООО ""ЦИФРОВЫЕ ИННОВАЦИИ""",2016008680,legal_entity_ru,Абазова Эмилина Заурбиевна,Генеральный Директор,[],1242000010273,06.12.2024,"респ. Чеченская, г. Грозный, ул. имени Вахи Алиева, зд. 13, стр. 1, офис 204б",[],,https://companies.rbc.ru/id/1242000010273-ooo-tsifrovyie-innovatsii/
104724,"ООО ""ЦЦЦ ГРУПП""",7727271430,legal_entity_ru,Вольнов Вадим Михайлович,Генеральный Директор,[],1157746978663,26.10.2015,"г. Москва, вн.тер.г. муниципальный округ Зюзино, ул. Каховка, д. 15, к. 1, кв. 102",[],,https://companies.rbc.ru/id/1157746978663-ooo-tststs-grupp/
697244,"ООО ""ЧАНГ ЛИ""",3849065518,legal_entity_ru,Ким Григорий Леонидович,Директор,[],1173850030265,17.08.2017,"обл. Иркутская, г. Иркутск, ул. Мало-Якутская, д. 19а, офис 211а",[],,https://companies.rbc.ru/id/1173850030265-ooo-chang-li/
918698,"ООО ""ЧЕСС ТУ ГОУ""",,legal_entity_ru,Шитов Дмитрий Александрович,Генеральный Директор,"[{""name"": ""Общество с ограниченной ответственностью Группа Компаний «Сладкая Жизнь»"", ""inn"": ""5260487561""}]",1055233034845,07.02.2005,"обл. Нижегородская, г. Нижний Новгород, ул. Героя Попова, д. 43в, офис 4",[],,https://companies.rbc.ru/id/1055233034845-gk-sladkaya-zhizn/
250088611,"ООО ""ЧЕТЫРЕ СЕЗОНА ВЕТРА""",7733479108,legal_entity_ru,Юй Хуэйчжи,Генеральный Директор,[],1257700561667,16.12.2025,"г. Москва, вн.тер. г. муниципальный округ Южное Тушино, ул. Свободы, д. 35, стр. 43, помещ. 64/1",[],,https://companies.rbc.ru/id/1257700561667-ooo-chetyire-sezona-vetra/
4023111,"ООО ""Чистый торг""",,legal_entity_ru,Шитов Дмитрий Александрович,Генеральный Директор,"[{""name"": ""Общество с ограниченной ответственностью Группа Компаний «Сладкая Жизнь»"", ""inn"": ""5260487561""}]",1055233034845,07.02.2005,"обл. Нижегородская, г. Нижний Новгород, ул. Героя Попова, д. 43в, офис 4",[],,https://companies.rbc.ru/id/1055233034845-gk-sladkaya-zhizn/
1289544,"ООО ""ШОТЛАЙН""",9724131741,legal_entity_ru,Калинин Артем Сергеевич,Генеральный Директор,[],1237700329657,04.05.2023,"г. Москва, вн.тер.г. Муниципальный округ Чертаново Южное, ул. Кирпичные Выемки, д. 2, к. 1, помещ. 1/11",[],,https://companies.rbc.ru/id/1237700329657-obschestvo-s-ogranichennoj-otvetstvennostyu-shotlajn/
850350,"ООО ""ЭКО-МЕГАПОЛИС""",5249155080,legal_entity_ru,Рубцов Андрей Петрович,Директор,[],1175275016730,06.03.2017,"обл. Нижегородская, г. Дзержинск, ул. Октябрьская, д. 31, кв. 248",[],,https://companies.rbc.ru/id/1175275016730-ooo-eko-megapolis/
1120486,"ООО ""ЭКОСТРОЙ""",2221124512,legal_entity_ru,Казанцев Александр Станиславович,Директор,[],1072221003106,12.04.2007,"край Алтайский, г.о. Город Барнаул, с. Власиха, б-р Мирный, д. 82",[],,https://companies.rbc.ru/id/1072221003106-ooo-ekostroj/
4503805,"ООО ""ЭЛЕМЕНТ ИКС""",5047262040,legal_entity_ru,Азизов Мухриддин Гайратжонович,Генеральный Директор,[],1225000028571,29.03.2022,"обл. Московская, г. Долгопрудный, ш. Старое Дмитровское, д. 15, кв. 422",[],,https://companies.rbc.ru/id/1225000028571-ooo-element-iks/
35146,"ООО ""ЭЛИТПОСТАВКА""",7718278630,legal_entity_ru,Орлов Алексей Владимирович,Генеральный Директор,"[{""name"": ""Общество с ограниченной ответственностью «Инжиниркомплект»"", ""inn"": ""7718303646""}, {""name"": ""Общество с ограниченной ответственностью «Солитекс»"", ""inn"": ""7718303621""}]",1157746929867,12.10.2015,"г. Москва, вн.тер.г. муниципальный округ Богородское, ш. Открытое, д. 12, стр. 35",[],,https://companies.rbc.ru/id/1157746929867-ooo-elitpostavka/
250121155,"ООО ""ЭЛИТПОСТАВКА""",7718278630,legal_entity_ru,Орлов Алексей Владимирович,Генеральный Директор,"[{""name"": ""Общество с ограниченной ответственностью «Инжиниркомплект»"", ""inn"": ""7718303646""}, {""name"": ""Общество с ограниченной ответственностью «Солитекс»"", ""inn"": ""7718303621""}]",1157746929867,12.10.2015,"г. Москва, вн.тер.г. муниципальный округ Богородское, ш. Открытое, д. 12, стр. 35",[],,https://companies.rbc.ru/id/1157746929867-ooo-elitpostavka/
1182810,"ООО ""ЭЛКОМТУЛС""",9724112820,legal_entity_ru,Сун Бинцянь,Генеральный Директор,"[{""name"": ""ООО «Элкомтулс»"", ""inn"": ""9724112820""}]",1227700851840,09.12.2022,"г. Москва, вн.тер. г. Муниципальный округ Бирюлево Западное, пр-д Ступинский, д. 1, этаж 2, помещение/комната IV/11",[],,https://companies.rbc.ru/id/1227700851840-obschestvo-s-ogranichennoj-otvetstvennostyu-elkomtuls/
250092269,"ООО ""ЭЛКОМТУЛС""",9724112820,legal_entity_ru,Сун Бинцянь,Генеральный Директор,"[{""name"": ""ООО «Элкомтулс»"", ""inn"": ""9724112820""}]",1227700851840,09.12.2022,"г. Москва, вн.тер. г. Муниципальный округ Бирюлево Западное, пр-д Ступинский, д. 1, этаж 2, помещение/комната IV/11",[],,https://companies.rbc.ru/id/1227700851840-obschestvo-s-ogranichennoj-otvetstvennostyu-elkomtuls/
265851,"ООО ""ЭЛЬ-ТОРГ""",2632106870,legal_entity_ru,Адамов Виталий Павлович,Генеральный Директор,[],1172651000554,19.01.2017,"край Ставропольский, г. Пятигорск, ул. Промышленная, д. 6, стр. 7",[],,https://companies.rbc.ru/id/1172651000554-ooo-el-torg/
4301294,"ООО ""ЭНЕРДЖИ ТУЛС""",9723235794,legal_entity_ru,Скоромников Иван Борисович,Генеральный Директор,[],1247700512663,24.07.2024,"г. Москва, ш. Варшавское, д. 150, к. 2, помещ. 13/66",[],,https://companies.rbc.ru/id/1247700512663-ooo-enerdzhi-tuls/
4455785,"ООО ""ЭРГОПЛАСТИКА""",6200010230,legal_entity_ru,Новиков Сергей Александрович,Директор,[],1246200009087,16.12.2024,"обл. Рязанская, г. Рязань, км 197 Километр (Окружная Дорога), д. 6, каб 2",[],,https://companies.rbc.ru/id/1246200009087-ooo-ergoplastika/
250126013,"ООО ""Эргонстрой""",,legal_entity_ru,Шитов Дмитрий Александрович,Генеральный Директор,"[{""name"": ""Общество с ограниченной ответственностью Группа Компаний «Сладкая Жизнь»"", ""inn"": ""5260487561""}]",1055233034845,07.02.2005,"обл. Нижегородская, г. Нижний Новгород, ул. Героя Попова, д. 43в, офис 4",[],,https://companies.rbc.ru/id/1055233034845-gk-sladkaya-zhizn/
1292392,"ООО ""ЮГАМ""",7743330643,legal_entity_ru,Прошкина Евгения Сергеевна,Генеральный Директор,[],1207700046510,06.02.2020,"г. Москва, вн.тер.г. муниципальный округ Ховрино, ул. Клинская, д. 4, к. 3, кв. 101",[],,https://companies.rbc.ru/id/1207700046510-obschestvo-s-ogranichennoj-otvetstvennostyu-yugam/
250116786,"ООО ""ЮН СОН Ю""",7733479080,legal_entity_ru,Тянь Мяомяо,Генеральный Директор,[],1257700561634,16.12.2025,"г. Москва, вн.тер. г. муниципальный округ Южное Тушино, ул. Свободы, д. 35, стр. 43, помещ. 64/1",[],,https://companies.rbc.ru/id/1257700561634-ooo-yun-son-yu/
250062485,"ООО ""Югспецтриплекс""",3459005577,legal_entity_ru,Мамедова Сафар Сунгуровна,Генеральный Директор,[],1133443026573,01.10.2013,"обл. Волгоградская, г. Волгоград, ул. Новодвинская, д. 34",[],,https://companies.rbc.ru/id/1133443026573-ooo-yugspetstripleks/
4339483,ООО «Аспорт РеакшинПро»,,legal_entity_ru,Шитов Дмитрий Александрович,Генеральный Директор,"[{""name"": ""Общество с ограниченной ответственностью Группа Компаний «Сладкая Жизнь»"", ""inn"": ""5260487561""}]",1055233034845,07.02.2005,"обл. Нижегородская, г. Нижний Новгород, ул. Героя Попова, д. 43в, офис 4",[],,https://companies.rbc.ru/id/1055233034845-gk-sladkaya-zhizn/
250036534,ООО «БЕЛТЕХМЕТИЗ»,,legal_entity_ru,Шитов Дмитрий Александрович,Генеральный Директор,"[{""name"": ""Общество с ограниченной ответственностью Группа Компаний «Сладкая Жизнь»"", ""inn"": ""5260487561""}]",1055233034845,07.02.2005,"обл. Нижегородская, г. Нижний Новгород, ул. Героя Попова, д. 43в, офис 4",[],,https://companies.rbc.ru/id/1055233034845-gk-sladkaya-zhizn/
487183,ООО «ВАЙСТЕХНИК»,,legal_entity_ru,Шитов Дмитрий Александрович,Генеральный Директор,"[{""name"": ""Общество с ограниченной ответственностью Группа Компаний «Сладкая Жизнь»"", ""inn"": ""5260487561""}]",1055233034845,07.02.2005,"обл. Нижегородская, г. Нижний Новгород, ул. Героя Попова, д. 43в, офис 4",[],,https://companies.rbc.ru/id/1055233034845-gk-sladkaya-zhizn/
1341047,ООО «ДАЕ-Партс»,,legal_entity_ru,Шитов Дмитрий Александрович,Генеральный Директор,"[{""name"": ""Общество с ограниченной ответственностью Группа Компаний «Сладкая Жизнь»"", ""inn"": ""5260487561""}]",1055233034845,07.02.2005,"обл. Нижегородская, г. Нижний Новгород, ул. Героя Попова, д. 43в, офис 4",[],,https://companies.rbc.ru/id/1055233034845-gk-sladkaya-zhizn/
3986500,ООО «Деманд маркет»,,legal_entity_ru,Шитов Дмитрий Александрович,Генеральный Директор,"[{""name"": ""Общество с ограниченной ответственностью Группа Компаний «Сладкая Жизнь»"", ""inn"": ""5260487561""}]",1055233034845,07.02.2005,"обл. Нижегородская, г. Нижний Новгород, ул. Героя Попова, д. 43в, офис 4",[],,https://companies.rbc.ru/id/1055233034845-gk-sladkaya-zhizn/
250149899,ООО «Лула Фреш»,,legal_entity_ru,Шитов Дмитрий Александрович,Генеральный Директор,"[{""name"": ""Общество с ограниченной ответственностью Группа Компаний «Сладкая Жизнь»"", ""inn"": ""5260487561""}]",1055233034845,07.02.2005,"обл. Нижегородская, г. Нижний Новгород, ул. Героя Попова, д. 43в, офис 4",[],,https://companies.rbc.ru/id/1055233034845-gk-sladkaya-zhizn/
161810,ООО «ПРО»,7716807221,legal_entity_ru,Габриелян Карина Арамовна,Генеральный Директор,[],1157746988244,27.10.2015,"г. Москва, вн.тер.г. муниципальный округ Алексеевский, ул. Космонавтов, д. 18, к. 3, эт/ком 1/2",[],,https://companies.rbc.ru/id/1157746988244-ooo-pro/
250060504,ООО «СКАНЛИНК»,,legal_entity_ru,Шитов Дмитрий Александрович,Генеральный Директор,"[{""name"": ""Общество с ограниченной ответственностью Группа Компаний «Сладкая Жизнь»"", ""inn"": ""5260487561""}]",1055233034845,07.02.2005,"обл. Нижегородская, г. Нижний Новгород, ул. Героя Попова, д. 43в, офис 4",[],,https://companies.rbc.ru/id/1055233034845-gk-sladkaya-zhizn/
59218,ООО ВАЙБС,7735187326,legal_entity_ru,Позднякова Олеся Александровна,Генеральный Директор,[],1207700120935,17.03.2020,"г. Москва, вн.тер.г. Муниципальный округ Савелки, г. Зеленоград, пр-д Савёлкинский, д. 4, помещ. 8/21",[],,https://companies.rbc.ru/id/1207700120935-obschestvo-s-ogranichennoj-otvetstvennostyu-vajbs/
69676,ООО ВОТОНЯ,7805662916,legal_entity_ru,Самойлова Любовь Михайловна,Генеральный Директор,"[{""name"": ""Общество с ограниченной ответственностью «Управляющая Компания «Вотоня»"", ""inn"": ""7805807671""}]",1147847379591,29.10.2014,"г. Санкт-Петербург, вн.тер.г. муниципальный округ Автово, дор. На Турухтанные острова, д. 6, литера А, помещ. 50",[],,https://companies.rbc.ru/id/1147847379591-ooo-votonya/
4111716,"ООО ГК ""БРЕНДБУРГ""",6670315423,legal_entity_ru,Зырянов Андрей Юрьевич,Директор,[],1156658011443,21.04.2015,"обл. Свердловская, г. Екатеринбург, ул. Чебышева, д. 4",[],,https://companies.rbc.ru/id/1156658011443-ooo-gruppa-kompanij-brendburg/
250083253,"ООО ГК ""ПРЕМЬЕР""",1841008095,legal_entity_ru,Курбанов Айнур Мирзаянович,Директор,[],1101841000326,25.01.2010,"респ. Удмуртская, г. Ижевск, ул. 30 Лет Победы, д. 2, помещ. 6, кабинет 104",[],,https://companies.rbc.ru/id/1101841000326-ooo-obschestvo-s-ogranichennoj-otvetstvennostyu-gruppa-kompanij-premer/
1391915,ООО МЕДЭЛИТ,2011005491,legal_entity_ru,Барсегян Хачик Григорьевич,Генеральный Директор,[],1232000008228,26.09.2023,"обл. Нижегородская, г. Нижний Новгород, пер. Спортсменский, д. 12г",[],,https://companies.rbc.ru/id/1232000008228-ooo-ooo-medelit/
1275449,ООО МИМПро,,legal_entity_ru,Шитов Дмитрий Александрович,Генеральный Директор,"[{""name"": ""Общество с ограниченной ответственностью Группа Компаний «Сладкая Жизнь»"", ""inn"": ""5260487561""}]",1055233034845,07.02.2005,"обл. Нижегородская, г. Нижний Новгород, ул. Героя Попова, д. 43в, офис 4",[],,https://companies.rbc.ru/id/1055233034845-gk-sladkaya-zhizn/
54859,ООО НЕКСТ,3702102182,legal_entity_ru,Яковлева Екатерина Львовна,Директор,[],1153702003894,24.02.2015,"обл. Ивановская, г. Иваново, ул. 8 Марта, д. 31, кв. 74",[],,https://companies.rbc.ru/id/1153702003894-ooo-nekst/
54606,ООО СЛ РОМИ,9701102166,legal_entity_ru,Рыжова Александра Сергеевна,Генеральный Директор,[],1187746253540,07.03.2018,"г. Москва, вн.тер.г. муниципальный округ Басманный, ул. Большая Почтовая, д. 26в, стр. 2, эт Антресоль 3 пом I каб 11",[],,https://companies.rbc.ru/id/1187746253540-obschestvo-s-ogranichennoj-otvetstvennostyu-sl-romi/
443063,ООО Стройинструмент-М,,legal_entity_ru,Шитов Дмитрий Александрович,Генеральный Директор,"[{""name"": ""Общество с ограниченной ответственностью Группа Компаний «Сладкая Жизнь»"", ""inn"": ""5260487561""}]",1055233034845,07.02.2005,"обл. Нижегородская, г. Нижний Новгород, ул. Героя Попова, д. 43в, офис 4",[],,https://companies.rbc.ru/id/1055233034845-gk-sladkaya-zhizn/
68407,ООО ТОРГОВАЯ КОМПАНИЯ СОЮЗ,7703763898,legal_entity_ru,Хегай Елена Даниловна,Генеральный Директор,[],1127746151290,06.03.2012,"г. Москва, вн.тер. г. Муниципальный округ Донской, пр-кт Севастопольский, д. 3, к. 2, помещ. 4/1",[],,https://companies.rbc.ru/id/1127746151290-ooo-torgovaya-kompaniya-soyuz/
4029113,ООО ФактураРитейл,,legal_entity_ru,Шитов Дмитрий Александрович,Генеральный Директор,"[{""name"": ""Общество с ограниченной ответственностью Группа Компаний «Сладкая Жизнь»"", ""inn"": ""5260487561""}]",1055233034845,07.02.2005,"обл. Нижегородская, г. Нижний Новгород, ул. Героя Попова, д. 43в, офис 4",[],,https://companies.rbc.ru/id/1055233034845-gk-sladkaya-zhizn/
249790,ООО Цейс-видео,,legal_entity_ru,Шитов Дмитрий Александрович,Генеральный Директор,"[{""name"": ""Общество с ограниченной ответственностью Группа Компаний «Сладкая Жизнь»"", ""inn"": ""5260487561""}]",1055233034845,07.02.2005,"обл. Нижегородская, г. Нижний Новгород, ул. Героя Попова, д. 43в, офис 4",[],,https://companies.rbc.ru/id/1055233034845-gk-sladkaya-zhizn/
891790,ООО Штутгарт центр,,legal_entity_ru,Шитов Дмитрий Александрович,Генеральный Директор,"[{""name"": ""Общество с ограниченной ответственностью Группа Компаний «Сладкая Жизнь»"", ""inn"": ""5260487561""}]",1055233034845,07.02.2005,"обл. Нижегородская, г. Нижний Новгород, ул. Героя Попова, д. 43в, офис 4",[],,https://companies.rbc.ru/id/1055233034845-gk-sladkaya-zhizn/
4126217,"ООО""ВБПродЛаб""",,legal_entity_ru,Шитов Дмитрий Александрович,Генеральный Директор,"[{""name"": ""Общество с ограниченной ответственностью Группа Компаний «Сладкая Жизнь»"", ""inn"": ""5260487561""}]",1055233034845,07.02.2005,"обл. Нижегородская, г. Нижний Новгород, ул. Героя Попова, д. 43в, офис 4",[],,https://companies.rbc.ru/id/1055233034845-gk-sladkaya-zhizn/
16675,ОРГАНИК ТРЕЙД ООО,7733232566,legal_entity_ru,Сухинина Жанна Владимировна,Генеральный Директор,[],1157746391648,27.04.2015,"г. Москва, вн.тер.г. муниципальный округ Покровское-Стрешнево, ул. Вишнёвая, д. 9, к. 1, Блок 114",[],,https://companies.rbc.ru/id/1157746391648-ooo-organik-trejd/
4121421,"Общество с ограниченной ответственностью ""Адекан""",,unknown,Шитов Дмитрий Александрович,Генеральный Директор,"[{""name"": ""Общество с ограниченной ответственностью Группа Компаний «Сладкая Жизнь»"", ""inn"": ""5260487561""}]",1055233034845,07.02.2005,"обл. Нижегородская, г. Нижний Новгород, ул. Героя Попова, д. 43в, офис 4",[],,https://companies.rbc.ru/id/1055233034845-gk-sladkaya-zhizn/
4211265,"Общество с ограниченной ответственностью ""Максфрант Про""",,unknown,Шитов Дмитрий Александрович,Генеральный Директор,"[{""name"": ""Общество с ограниченной ответственностью Группа Компаний «Сладкая Жизнь»"", ""inn"": ""5260487561""}]",1055233034845,07.02.2005,"обл. Нижегородская, г. Нижний Новгород, ул. Героя Попова, д. 43в, офис 4",[],,https://companies.rbc.ru/id/1055233034845-gk-sladkaya-zhizn/
1268500,"Общество с ограниченной ответственностью ""Эмблемы""",,unknown,Шитов Дмитрий Александрович,Генеральный Директор,"[{""name"": ""Общество с ограниченной ответственностью Группа Компаний «Сладкая Жизнь»"", ""inn"": ""5260487561""}]",1055233034845,07.02.2005,"обл. Нижегородская, г. Нижний Новгород, ул. Героя Попова, д. 43в, офис 4",[],,https://companies.rbc.ru/id/1055233034845-gk-sladkaya-zhizn/
4123,Офисмаг-Поволжье ООО,3446012104,legal_entity_ru,Васильев Олег Владимирович,Директор,"[{""name"": ""Общество с ограниченной ответственностью «Брг Инвест»"", ""inn"": ""3666094046""}]",1023404239540,22.12.2000,"обл. Волгоградская, г.о. Город-Герой Волгоград, г. Волгоград, ул. им. Никитина, д. 2, помещ. 17",[],,https://companies.rbc.ru/id/1023404239540-ooo-ofismag-povolzhe/
37510,ПРОММАШ ООО,9718025424,legal_entity_ru,Новиков Владимир Михайлович,Генеральный Директор,[],1167746834199,06.09.2016,"г. Москва, вн.тер.г. Муниципальный округ Люблино, ул. Судакова, д. 10",[],,https://companies.rbc.ru/id/1167746834199-ooo-prommash/
1306625,Райская сказка,,unknown,Шитов Дмитрий Александрович,Генеральный Директор,"[{""name"": ""Общество с ограниченной ответственностью Группа Компаний «Сладкая Жизнь»"", ""inn"": ""5260487561""}]",1055233034845,07.02.2005,"обл. Нижегородская, г. Нижний Новгород, ул. Героя Попова, д. 43в, офис 4",[],,https://companies.rbc.ru/id/1055233034845-gk-sladkaya-zhizn/
44736,СДС ООО,7734425377,legal_entity_ru,Горох Виталий Алексеевич,Генеральный Директор,[],1197746331045,21.05.2019,"г. Москва, вн.тер.г. муниципальный округ Щукино, ул. Маршала Соколовского, д. 3, эт 5 пом I ком 3",[],,https://companies.rbc.ru/id/1197746331045-obschestvo-s-ogranichennoj-otvetstvennostyu-sds/
31995,СЕРВИС ЛОГИСТИК ООО,9705088716,legal_entity_ru,Чуркина Татьяна Николаевна,Генеральный Директор,[],1177746142716,14.02.2017,"г. Москва, вн.тер.г. Муниципальный округ Филевский Парк, ул. Большая Филёвская, д. 21/19, к. 3, помещ. 105",[],,https://companies.rbc.ru/id/1177746142716-obschestvo-s-ogranichennoj-otvetstvennostyu-servis-logistik/
70646,СИМПЛИПРО ООО,4401195548,legal_entity_ru,Нану Сергей Владимирович,Генеральный Директор,[],1204400001673,23.03.2020,"обл. Костромская, г. Кострома, мкр. Юбилейный, д. 1, кв. 26",[],,https://companies.rbc.ru/id/1204400001673-obschestvo-s-ogranichennoj-otvetstvennostyu-simplipro/
61525,СТЕЖКОФФ ООО,7840366469,legal_entity_ru,Микулич Александр Павлович,Генеральный Директор,[],1077847502237,16.07.2007,"г. Санкт-Петербург, вн.тер.г. муниципальный округ Смольнинское, пр-кт Невский, д. 166, литера Б, пом. 1н офис 3",[],,https://companies.rbc.ru/id/1077847502237-ooo-stezhkoff/
92116,ТЕЛЕГРАФ ООО,7838434295,legal_entity_ru,Пономарев Роман Анатольевич,Генеральный Директор,[],1097847324190,16.11.2009,"г. Санкт-Петербург, вн.тер.г. муниципальный округ Семеновский, ул. Подольская, д. 1-3-5, литера А, помещ. 16н",[],,https://companies.rbc.ru/id/1097847324190-ooo-telegraf/
51988,ТЕРРИТОРИЯ ЗДОРОВЬЯ ООО,9725029290,legal_entity_ru,Емельянов Сергей Васильевич,Генеральный Директор,[],1207700049006,07.02.2020,"г. Москва, вн.тер.г. муниципальный округ Нагатинский затон, наб. Нагатинская, д. 40/1, кв. 589",[],,https://companies.rbc.ru/id/1207700049006-obschestvo-s-ogranichennoj-otvetstvennostyu-territoriya-zdorovya/
1154946,"ТОО ""YINESH GROUP""",,unknown,Шитов Дмитрий Александрович,Генеральный Директор,"[{""name"": ""Общество с ограниченной ответственностью Группа Компаний «Сладкая Жизнь»"", ""inn"": ""5260487561""}]",1055233034845,07.02.2005,"обл. Нижегородская, г. Нижний Новгород, ул. Героя Попова, д. 43в, офис 4",[],,https://companies.rbc.ru/id/1055233034845-gk-sladkaya-zhizn/
1339094,ТОО «БалтТрейд»,,unknown,Шитов Дмитрий Александрович,Генеральный Директор,"[{""name"": ""Общество с ограниченной ответственностью Группа Компаний «Сладкая Жизнь»"", ""inn"": ""5260487561""}]",1055233034845,07.02.2005,"обл. Нижегородская, г. Нижний Новгород, ул. Героя Попова, д. 43в, офис 4",[],,https://companies.rbc.ru/id/1055233034845-gk-sladkaya-zhizn/
81796,ТРИТО ООО,7802689405,legal_entity_ru,Рудаков Сергей Григорьевич,Генеральный Директор,[],1197847097040,19.04.2019,"г. Санкт-Петербург, вн.тер.г. поселок Парголово, ул. Железнодорожная, д. 11, К. 3 литер А, пом. 6н офис 4",[],,https://companies.rbc.ru/id/1197847097040-obschestvo-s-ogranichennoj-otvetstvennostyu-trito/
250103239,ТРЭМПХОУМ,,unknown,Шитов Дмитрий Александрович,Генеральный Директор,"[{""name"": ""Общество с ограниченной ответственностью Группа Компаний «Сладкая Жизнь»"", ""inn"": ""5260487561""}]",1055233034845,07.02.2005,"обл. Нижегородская, г. Нижний Новгород, ул. Героя Попова, д. 43в, офис 4",[],,https://companies.rbc.ru/id/1055233034845-gk-sladkaya-zhizn/
147819,Товарищество с ограниченной ответственностью «Меломан Home Video»,,unknown,Шитов Дмитрий Александрович,Генеральный Директор,"[{""name"": ""Общество с ограниченной ответственностью Группа Компаний «Сладкая Жизнь»"", ""inn"": ""5260487561""}]",1055233034845,07.02.2005,"обл. Нижегородская, г. Нижний Новгород, ул. Героя Попова, д. 43в, офис 4",[],,https://companies.rbc.ru/id/1055233034845-gk-sladkaya-zhizn/
703682,"УП ""Мебельная фабрика ""Лагуна""",,unknown,Шитов Дмитрий Александрович,Генеральный Директор,"[{""name"": ""Общество с ограниченной ответственностью Группа Компаний «Сладкая Жизнь»"", ""inn"": ""5260487561""}]",1055233034845,07.02.2005,"обл. Нижегородская, г. Нижний Новгород, ул. Героя Попова, д. 43в, офис 4",[],,https://companies.rbc.ru/id/1055233034845-gk-sladkaya-zhizn/
11859,"Унитарное предприятие ""Торговый дом ""Лагуна""",,unknown,Шитов Дмитрий Александрович,Генеральный Директор,"[{""name"": ""Общество с ограниченной ответственностью Группа Компаний «Сладкая Жизнь»"", ""inn"": ""5260487561""}]",1055233034845,07.02.2005,"обл. Нижегородская, г. Нижний Новгород, ул. Героя Попова, д. 43в, офис 4",[],,https://companies.rbc.ru/id/1055233034845-gk-sladkaya-zhizn/
18670,ФАКТОРИЯ ООО,2723189721,legal_entity_ru,,,[],1162724081112,30.09.2016,"край Приморский, г. Владивосток, ул. Комсомольская, д. 3, офис 714",[],,https://companies.rbc.ru/id/1162724081112-ooo-faktoriya/
61974,ФИРМА ЭМСИТРЭЙД ООО,6674169879,legal_entity_ru,Проломов Алексей Владимирович,Директор,[],1056605364375,29.11.2005,"обл. Свердловская, г. Екатеринбург, ул. Викулова, д. 63, к. 3, офис 1",[],,https://companies.rbc.ru/id/1056605364375-ooo-firma-emsitrejd/
52160,ФИС ООО,5034048017,legal_entity_ru,Фиронова Анна Александровна,Генеральный Директор,[],1145034001310,28.07.2014,"обл. Московская, г. Орехово-Зуево, ул. Стачки 1885 года, д. 6, офис 26,27,28,29",[],,https://companies.rbc.ru/id/1145034001310-ooo-fis/
48190,ЦПИ ООО,7713458808,legal_entity_ru,Борисевич Николай Александрович,Генеральный Директор,[],1187746422181,19.04.2018,"г. Москва, вн.тер.г. муниципальный округ Бескудниковский, ш. Дмитровское, д. 60, этаж 6 Комната 613",[],,https://companies.rbc.ru/id/1187746422181-ooo-tsentr-promyishlennogo-instrumenta/
194999,"ЧП ""ТД ""Форсаж Инструмент Бел""",,unknown,Шитов Дмитрий Александрович,Генеральный Директор,"[{""name"": ""Общество с ограниченной ответственностью Группа Компаний «Сладкая Жизнь»"", ""inn"": ""5260487561""}]",1055233034845,07.02.2005,"обл. Нижегородская, г. Нижний Новгород, ул. Героя Попова, д. 43в, офис 4",[],,https://companies.rbc.ru/id/1055233034845-gk-sladkaya-zhizn/
1121398,ЧП «Вито Гарант»,,unknown,Шитов Дмитрий Александрович,Генеральный Директор,"[{""name"": ""Общество с ограниченной ответственностью Группа Компаний «Сладкая Жизнь»"", ""inn"": ""5260487561""}]",1055233034845,07.02.2005,"обл. Нижегородская, г. Нижний Новгород, ул. Героя Попова, д. 43в, офис 4",[],,https://companies.rbc.ru/id/1055233034845-gk-sladkaya-zhizn/
36445,ЧТПУП ПЕАТЕК,,unknown,Шитов Дмитрий Александрович,Генеральный Директор,"[{""name"": ""Общество с ограниченной ответственностью Группа Компаний «Сладкая Жизнь»"", ""inn"": ""5260487561""}]",1055233034845,07.02.2005,"обл. Нижегородская, г. Нижний Новгород, ул. Героя Попова, д. 43в, офис 4",[],,https://companies.rbc.ru/id/1055233034845-gk-sladkaya-zhizn/
197390,"ЧТУП ""Дженерал Маркет""",,unknown,Шитов Дмитрий Александрович,Генеральный Директор,"[{""name"": ""Общество с ограниченной ответственностью Группа Компаний «Сладкая Жизнь»"", ""inn"": ""5260487561""}]",1055233034845,07.02.2005,"обл. Нижегородская, г. Нижний Новгород, ул. Героя Попова, д. 43в, офис 4",[],,https://companies.rbc.ru/id/1055233034845-gk-sladkaya-zhizn/
899884,"ЧТУП ""Овергранд-Сервис""",,unknown,Шитов Дмитрий Александрович,Генеральный Директор,"[{""name"": ""Общество с ограниченной ответственностью Группа Компаний «Сладкая Жизнь»"", ""inn"": ""5260487561""}]",1055233034845,07.02.2005,"обл. Нижегородская, г. Нижний Новгород, ул. Героя Попова, д. 43в, офис 4",[],,https://companies.rbc.ru/id/1055233034845-gk-sladkaya-zhizn/
4075574,"Частное предприятие ""БелЧип""",,unknown,Шитов Дмитрий Александрович,Генеральный Директор,"[{""name"": ""Общество с ограниченной ответственностью Группа Компаний «Сладкая Жизнь»"", ""inn"": ""5260487561""}]",1055233034845,07.02.2005,"обл. Нижегородская, г. Нижний Новгород, ул. Героя Попова, д. 43в, офис 4",[],,https://companies.rbc.ru/id/1055233034845-gk-sladkaya-zhizn/
250070902,"Частное предприятие ""Раф-МАКС""",,unknown,Шитов Дмитрий Александрович,Генеральный Директор,"[{""name"": ""Общество с ограниченной ответственностью Группа Компаний «Сладкая Жизнь»"", ""inn"": ""5260487561""}]",1055233034845,07.02.2005,"обл. Нижегородская, г. Нижний Новгород, ул. Героя Попова, д. 43в, офис 4",[],,https://companies.rbc.ru/id/1055233034845-gk-sladkaya-zhizn/
788906,Частное предприятие «АКТАГОР-ПРОМ»,,unknown,Шитов Дмитрий Александрович,Генеральный Директор,"[{""name"": ""Общество с ограниченной ответственностью Группа Компаний «Сладкая Жизнь»"", ""inn"": ""5260487561""}]",1055233034845,07.02.2005,"обл. Нижегородская, г. Нижний Новгород, ул. Героя Попова, д. 43в, офис 4",[],,https://companies.rbc.ru/id/1055233034845-gk-sladkaya-zhizn/
68572,Частное торговое унитарное предприятие Красивый спорт,,unknown,Шитов Дмитрий Александрович,Генеральный Директор,"[{""name"": ""Общество с ограниченной ответственностью Группа Компаний «Сладкая Жизнь»"", ""inn"": ""5260487561""}]",1055233034845,07.02.2005,"обл. Нижегородская, г. Нижний Новгород, ул. Героя Попова, д. 43в, офис 4",[],,https://companies.rbc.ru/id/1055233034845-gk-sladkaya-zhizn/
73636,ЮМАРКЕТ ООО,6670484710,legal_entity_ru,Рязанов Сергей Сергеевич,Генеральный Директор,[],1196658048256,10.07.2019,"обл. Свердловская, г. Екатеринбург, ул. Карла Либкнехта, стр. 22, офис 201",[],,https://companies.rbc.ru/id/1196658048256-obschestvo-s-ogranichennoj-otvetstvennostyu-yumarket/
1142392,Ярмарка КЗ,,unknown,Шитов Дмитрий Александрович,Генеральный Директор,"[{""name"": ""Общество с ограниченной ответственностью Группа Компаний «Сладкая Жизнь»"", ""inn"": ""5260487561""}]",1055233034845,07.02.2005,"обл. Нижегородская, г. Нижний Новгород, ул. Героя Попова, д. 43в, офис 4",[],,https://companies.rbc.ru/id/1055233034845-gk-sladkaya-zhizn/
4057732,ип семенов,,sole_proprietor_ru,Шитов Дмитрий Александрович,Генеральный Директор,"[{""name"": ""Общество с ограниченной ответственностью Группа Компаний «Сладкая Жизнь»"", ""inn"": ""5260487561""}]",1055233034845,07.02.2005,"обл. Нижегородская, г. Нижний Новгород, ул. Героя Попова, д. 43в, офис 4",[],,https://companies.rbc.ru/id/1055233034845-gk-sladkaya-zhizn/
4345464,厦门拙成跨境电子商务有限公司,,cn_business,Шитов Дмитрий Александрович,Генеральный Директор,"[{""name"": ""Общество с ограниченной ответственностью Группа Компаний «Сладкая Жизнь»"", ""inn"": ""5260487561""}]",1055233034845,07.02.2005,"обл. Нижегородская, г. Нижний Новгород, ул. Героя Попова, д. 43в, офис 4",[],,https://companies.rbc.ru/id/1055233034845-gk-sladkaya-zhizn/
4491660,天凱實業貿易有限公司,,cn_business,Шитов Дмитрий Александрович,Генеральный Директор,"[{""name"": ""Общество с ограниченной ответственностью Группа Компаний «Сладкая Жизнь»"", ""inn"": ""5260487561""}]",1055233034845,07.02.2005,"обл. Нижегородская, г. Нижний Новгород, ул. Героя Попова, д. 43в, офис 4",[],,https://companies.rbc.ru/id/1055233034845-gk-sladkaya-zhizn/
250008998,奇克斯電子有限公司,,cn_business,Шитов Дмитрий Александрович,Генеральный Директор,"[{""name"": ""Общество с ограниченной ответственностью Группа Компаний «Сладкая Жизнь»"", ""inn"": ""5260487561""}]",1055233034845,07.02.2005,"обл. Нижегородская, г. Нижний Новгород, ул. Героя Попова, д. 43в, офис 4",[],,https://companies.rbc.ru/id/1055233034845-gk-sladkaya-zhizn/
4369858,广州市叶盛科技有限公司,,cn_business,Шитов Дмитрий Александрович,Генеральный Директор,"[{""name"": ""Общество с ограниченной ответственностью Группа Компаний «Сладкая Жизнь»"", ""inn"": ""5260487561""}]",1055233034845,07.02.2005,"обл. Нижегородская, г. Нижний Новгород, ул. Героя Попова, д. 43в, офис 4",[],,https://companies.rbc.ru/id/1055233034845-gk-sladkaya-zhizn/
250019029,武汉市君恺云智科技有限公司,,cn_business,Шитов Дмитрий Александрович,Генеральный Директор,"[{""name"": ""Общество с ограниченной ответственностью Группа Компаний «Сладкая Жизнь»"", ""inn"": ""5260487561""}]",1055233034845,07.02.2005,"обл. Нижегородская, г. Нижний Новгород, ул. Героя Попова, д. 43в, офис 4",[],,https://companies.rbc.ru/id/1055233034845-gk-sladkaya-zhizn/
4341537,沃勒发展有限公司,,cn_business,Шитов Дмитрий Александрович,Генеральный Директор,"[{""name"": ""Общество с ограниченной ответственностью Группа Компаний «Сладкая Жизнь»"", ""inn"": ""5260487561""}]",1055233034845,07.02.2005,"обл. Нижегородская, г. Нижний Новгород, ул. Героя Попова, д. 43в, офис 4",[],,https://companies.rbc.ru/id/1055233034845-gk-sladkaya-zhizn/
4075417,火花塞香港有限公司,,cn_business,Шитов Дмитрий Александрович,Генеральный Директор,"[{""name"": ""Общество с ограниченной ответственностью Группа Компаний «Сладкая Жизнь»"", ""inn"": ""5260487561""}]",1055233034845,07.02.2005,"обл. Нижегородская, г. Нижний Новгород, ул. Героя Попова, д. 43в, офис 4",[],,https://companies.rbc.ru/id/1055233034845-gk-sladkaya-zhizn/
3943805,香港优极客有限公司,,cn_business,Шитов Дмитрий Александрович,Генеральный Директор,"[{""name"": ""Общество с ограниченной ответственностью Группа Компаний «Сладкая Жизнь»"", ""inn"": ""5260487561""}]",1055233034845,07.02.2005,"обл. Нижегородская, г. Нижний Новгород, ул. Героя Попова, д. 43в, офис 4",[],,https://companies.rbc.ru/id/1055233034845-gk-sladkaya-zhizn/
250012076,香港十金科技有限公司,,cn_business,Шитов Дмитрий Александрович,Генеральный Директор,"[{""name"": ""Общество с ограниченной ответственностью Группа Компаний «Сладкая Жизнь»"", ""inn"": ""5260487561""}]",1055233034845,07.02.2005,"обл. Нижегородская, г. Нижний Новгород, ул. Героя Попова, д. 43в, офис 4",[],,https://companies.rbc.ru/id/1055233034845-gk-sladkaya-zhizn/
4437407,香港奧路貿易有限公司,,cn_business,Шитов Дмитрий Александрович,Генеральный Директор,"[{""name"": ""Общество с ограниченной ответственностью Группа Компаний «Сладкая Жизнь»"", ""inn"": ""5260487561""}]",1055233034845,07.02.2005,"обл. Нижегородская, г. Нижний Новгород, ул. Героя Попова, д. 43в, офис 4",[],,https://companies.rbc.ru/id/1055233034845-gk-sladkaya-zhizn/
4089691,香港高德威有限公司,,cn_business,Шитов Дмитрий Александрович,Генеральный Директор,"[{""name"": ""Общество с ограниченной ответственностью Группа Компаний «Сладкая Жизнь»"", ""inn"": ""5260487561""}]",1055233034845,07.02.2005,"обл. Нижегородская, г. Нижний Новгород, ул. Героя Попова, д. 43в, офис 4",[],,https://companies.rbc.ru/id/1055233034845-gk-sladkaya-zhizn/
